gene_symbol	entrez_id	ccle_match_status	hgnc_locus_group	hgnc_id	secondary_source_available	notes
DDR1	780	matched_entrez			False	CCLE column DDR1 (780)
PAX8	7849	matched_entrez			False	CCLE column PAX8 (7849)
RPS5	6193	matched_entrez			False	CCLE column RPS5 (6193)
ABCF1	23	matched_entrez			False	CCLE column ABCF1 (23)
SPAG7	9552	matched_entrez			False	CCLE column SPAG7 (9552)
RHOA	387	matched_entrez			False	CCLE column RHOA (387)
RNPS1	10921	matched_entrez			False	CCLE column RNPS1 (10921)
SMNDC1	10285	matched_entrez			False	CCLE column SMNDC1 (10285)
ATP6V0B	533	matched_entrez			False	CCLE column ATP6V0B (533)
RPS6	6194	matched_entrez			False	CCLE column RPS6 (6194)
USP22	23326	matched_entrez			False	CCLE column USP22 (23326)
APP	351	matched_entrez			False	CCLE column APP (351)
CLTC	1213	matched_entrez			False	CCLE column CLTC (1213)
MLEC	9761	matched_entrez			False	CCLE column MLEC (9761)
CSRP1	1465	matched_entrez			False	CCLE column CSRP1 (1465)
CALM3	808	matched_entrez			False	CCLE column CALM3 (808)
PTPRF	5792	matched_entrez			False	CCLE column PTPRF (5792)
DNAJB1	3337	matched_entrez			False	CCLE column DNAJB1 (3337)
XBP1	7494	matched_entrez			False	CCLE column XBP1 (7494)
GRN	2896	matched_entrez			False	CCLE column GRN (2896)
HK1	3098	matched_entrez			False	CCLE column HK1 (3098)
KDELR2	11014	matched_entrez			False	CCLE column KDELR2 (11014)
SKP1	6500	matched_entrez			False	CCLE column SKP1 (6500)
CAPN1	823	matched_entrez			False	CCLE column CAPN1 (823)
CALU	813	matched_entrez			False	CCLE column CALU (813)
CTSD	1509	matched_entrez			False	CCLE column CTSD (1509)
MAT2A	4144	matched_entrez			False	CCLE column MAT2A (4144)
STMN1	3925	matched_entrez			False	CCLE column STMN1 (3925)
ECH1	1891	matched_entrez			False	CCLE column ECH1 (1891)
IQGAP1	8826	matched_entrez			False	CCLE column IQGAP1 (8826)
HSPA1A	3303	matched_entrez			False	CCLE column HSPA1A (3303)
HSPD1	3329	matched_entrez			False	CCLE column HSPD1 (3329)
CIRBP	1153	matched_entrez			False	CCLE column CIRBP (1153)
PSME1	5720	matched_entrez			False	CCLE column PSME1 (5720)
PAFAH1B1	5048	matched_entrez			False	CCLE column PAFAH1B1 (5048)
HYOU1	10525	matched_entrez			False	CCLE column HYOU1 (10525)
PSMD2	5708	matched_entrez			False	CCLE column PSMD2 (5708)
EPRS	2058	matched_entrez			False	CCLE column EPRS1 (2058)
PSMD4	5710	matched_entrez			False	CCLE column PSMD4 (5710)
PGAM1	5223	matched_entrez			False	CCLE column PGAM1 (5223)
STAT1	6772	matched_entrez			False	CCLE column STAT1 (6772)
FKBP4	2288	matched_entrez			False	CCLE column FKBP4 (2288)
KTN1	3895	matched_entrez			False	CCLE column KTN1 (3895)
TMED10	10972	matched_entrez			False	CCLE column TMED10 (10972)
ALDOA	226	matched_entrez			False	CCLE column ALDOA (226)
TSPAN3	10099	matched_entrez			False	CCLE column TSPAN3 (10099)
GNAS	2778	matched_entrez			False	CCLE column GNAS (2778)
HIF1A	3091	matched_entrez			False	CCLE column HIF1A (3091)
AARS	16	matched_entrez			False	CCLE column AARS1 (16)
RPN1	6184	matched_entrez			False	CCLE column RPN1 (6184)
PAICS	10606	matched_entrez			False	CCLE column PAICS (10606)
BLCAP	10904	matched_entrez			False	CCLE column BLCAP (10904)
HADH	3033	matched_entrez			False	CCLE column HADH (3033)
GNAI2	2771	matched_entrez			False	CCLE column GNAI2 (2771)
PSMF1	9491	matched_entrez			False	CCLE column PSMF1 (9491)
MYL9	10398	matched_entrez			False	CCLE column MYL9 (10398)
MMP2	4313	matched_entrez			False	CCLE column MMP2 (4313)
SMARCC1	6599	matched_entrez			False	CCLE column SMARCC1 (6599)
TM9SF2	9375	matched_entrez			False	CCLE column TM9SF2 (9375)
PIP4K2B	8396	matched_entrez			False	CCLE column PIP4K2B (8396)
PXN	5829	matched_entrez			False	CCLE column PXN (5829)
COPB2	9276	matched_entrez			False	CCLE column COPB2 (9276)
PFKL	5211	matched_entrez			False	CCLE column PFKL (5211)
PGRMC1	10857	matched_entrez			False	CCLE column PGRMC1 (10857)
ITGB5	3693	matched_entrez			False	CCLE column ITGB5 (3693)
PLP2	5355	matched_entrez			False	CCLE column PLP2 (5355)
NFE2L2	4780	matched_entrez			False	CCLE column NFE2L2 (4780)
MBNL1	4154	matched_entrez			False	CCLE column MBNL1 (4154)
NMT1	4836	matched_entrez			False	CCLE column NMT1 (4836)
BHLHE40	8553	matched_entrez			False	CCLE column BHLHE40 (8553)
TERF2IP	54386	matched_entrez			False	CCLE column TERF2IP (54386)
FBXO7	25793	matched_entrez			False	CCLE column FBXO7 (25793)
HTRA1	5654	matched_entrez			False	CCLE column HTRA1 (5654)
LRPAP1	4043	matched_entrez			False	CCLE column LRPAP1 (4043)
CREG1	8804	matched_entrez			False	CCLE column CREG1 (8804)
PCNA	5111	matched_entrez			False	CCLE column PCNA (5111)
LGMN	5641	matched_entrez			False	CCLE column LGMN (5641)
ILK	3611	matched_entrez			False	CCLE column ILK (3611)
ATP1B1	481	matched_entrez			False	CCLE column ATP1B1 (481)
SYPL1	6856	matched_entrez			False	CCLE column SYPL1 (6856)
TXNRD1	7296	matched_entrez			False	CCLE column TXNRD1 (7296)
NUDCD3	23386	matched_entrez			False	CCLE column NUDCD3 (23386)
TOP2A	7153	matched_entrez			False	CCLE column TOP2A (7153)
STK25	10494	matched_entrez			False	CCLE column STK25 (10494)
EBNA1BP2	10969	matched_entrez			False	CCLE column EBNA1BP2 (10969)
ARHGEF12	23365	matched_entrez			False	CCLE column ARHGEF12 (23365)
SCP2	6342	matched_entrez			False	CCLE column SCP2 (6342)
YME1L1	10730	matched_entrez			False	CCLE column YME1L1 (10730)
TMEM109	79073	matched_entrez			False	CCLE column TMEM109 (79073)
TPD52L2	7165	matched_entrez			False	CCLE column TPD52L2 (7165)
CRTAP	10491	matched_entrez			False	CCLE column CRTAP (10491)
TRAP1	10131	matched_entrez			False	CCLE column TRAP1 (10131)
IGF2R	3482	matched_entrez			False	CCLE column IGF2R (3482)
PHGDH	26227	matched_entrez			False	CCLE column PHGDH (26227)
LRP10	26020	matched_entrez			False	CCLE column LRP10 (26020)
SOX4	6659	matched_entrez			False	CCLE column SOX4 (6659)
CAT	847	matched_entrez			False	CCLE column CAT (847)
RHEB	6009	matched_entrez			False	CCLE column RHEB (6009)
MAPKAPK2	9261	matched_entrez			False	CCLE column MAPKAPK2 (9261)
SCRN1	9805	matched_entrez			False	CCLE column SCRN1 (9805)
JUN	3725	matched_entrez			False	CCLE column JUN (3725)
SHC1	6464	matched_entrez			False	CCLE column SHC1 (6464)
SQSTM1	8878	matched_entrez			False	CCLE column SQSTM1 (8878)
PRCP	5547	matched_entrez			False	CCLE column PRCP (5547)
USP7	7874	matched_entrez			False	CCLE column USP7 (7874)
NFKBIA	4792	matched_entrez			False	CCLE column NFKBIA (4792)
G3BP1	10146	matched_entrez			False	CCLE column G3BP1 (10146)
TOMM70A	9868	matched_entrez			False	CCLE column TOMM70 (9868)
RPA1	6117	matched_entrez			False	CCLE column RPA1 (6117)
ZFP36	7538	matched_entrez			False	CCLE column ZFP36 (7538)
DUSP3	1845	matched_entrez			False	CCLE column DUSP3 (1845)
KDM5B	10765	matched_entrez			False	CCLE column KDM5B (10765)
MCM3	4172	matched_entrez			False	CCLE column MCM3 (4172)
CLIC4	25932	matched_entrez			False	CCLE column CLIC4 (25932)
CLSTN1	22883	matched_entrez			False	CCLE column CLSTN1 (22883)
ID2	3398	matched_entrez			False	CCLE column ID2 (3398)
DCTD	1635	matched_entrez			False	CCLE column DCTD (1635)
FAT1	2195	matched_entrez			False	CCLE column FAT1 (2195)
SMC1A	8243	matched_entrez			False	CCLE column SMC1A (8243)
NISCH	11188	matched_entrez			False	CCLE column NISCH (11188)
PWP1	11137	matched_entrez			False	CCLE column PWP1 (11137)
ICMT	23463	matched_entrez			False	CCLE column ICMT (23463)
RUVBL1	8607	matched_entrez			False	CCLE column RUVBL1 (8607)
MBTPS1	8720	matched_entrez			False	CCLE column MBTPS1 (8720)
INSIG1	3638	matched_entrez			False	CCLE column INSIG1 (3638)
RRAGA	10670	matched_entrez			False	CCLE column RRAGA (10670)
IER3	8870	matched_entrez			False	CCLE column IER3 (8870)
UBE2L6	9246	matched_entrez			False	CCLE column UBE2L6 (9246)
SMC4	10051	matched_entrez			False	CCLE column SMC4 (10051)
USP14	9097	matched_entrez			False	CCLE column USP14 (9097)
EGR1	1958	matched_entrez			False	CCLE column EGR1 (1958)
PNP	4860	matched_entrez			False	CCLE column PNP (4860)
DNMT1	1786	matched_entrez			False	CCLE column DNMT1 (1786)
CCND3	896	matched_entrez			False	CCLE column CCND3 (896)
NIPSNAP1	8508	matched_entrez			False	CCLE column NIPSNAP1 (8508)
MYBL2	4605	matched_entrez			False	CCLE column MYBL2 (4605)
EPB41L2	2037	matched_entrez			False	CCLE column EPB41L2 (2037)
ELAVL1	1994	matched_entrez			False	CCLE column ELAVL1 (1994)
KIAA0100	9703	matched_entrez			False	CCLE column BLTP2 (9703)
TP53	7157	matched_entrez			False	CCLE column TP53 (7157)
RPA2	6118	matched_entrez			False	CCLE column RPA2 (6118)
MTHFD2	10797	matched_entrez			False	CCLE column MTHFD2 (10797)
PSME2	5721	matched_entrez			False	CCLE column PSME2 (5721)
DAXX	1616	matched_entrez			False	CCLE column DAXX (1616)
ELAC2	60528	matched_entrez			False	CCLE column ELAC2 (60528)
NCAPD2	9918	matched_entrez			False	CCLE column NCAPD2 (9918)
EFCAB14	9813	matched_entrez			False	CCLE column EFCAB14 (9813)
DDX42	11325	matched_entrez			False	CCLE column DDX42 (11325)
LBR	3930	matched_entrez			False	CCLE column LBR (3930)
SH3BP5	9467	matched_entrez			False	CCLE column SH3BP5 (9467)
UBE3C	9690	matched_entrez			False	CCLE column UBE3C (9690)
SCARB1	949	matched_entrez			False	CCLE column SCARB1 (949)
SCCPDH	51097	matched_entrez			False	CCLE column SCCPDH (51097)
SMARCD2	6603	matched_entrez			False	CCLE column SMARCD2 (6603)
NET1	10276	matched_entrez			False	CCLE column NET1 (10276)
HDAC2	3066	matched_entrez			False	CCLE column HDAC2 (3066)
HSPB1	3315	matched_entrez			False	CCLE column HSPB1 (3315)
LIPA	3988	matched_entrez			False	CCLE column LIPA (3988)
BNIP3	664	matched_entrez			False	CCLE column BNIP3 (664)
CDC25B	994	matched_entrez			False	CCLE column CDC25B (994)
ATMIN	23300	matched_entrez			False	CCLE column ATMIN (23300)
TOMM34	10953	matched_entrez			False	CCLE column TOMM34 (10953)
MPZL1	9019	matched_entrez			False	CCLE column MPZL1 (9019)
IL13RA1	3597	matched_entrez			False	CCLE column IL13RA1 (3597)
PSRC1	84722	matched_entrez			False	CCLE column PSRC1 (84722)
UBE2A	7319	matched_entrez			False	CCLE column UBE2A (7319)
COASY	80347	matched_entrez			False	CCLE column COASY (80347)
LRRC41	10489	matched_entrez			False	CCLE column LRRC41 (10489)
MYCBP2	23077	matched_entrez			False	CCLE column MYCBP2 (23077)
RBM6	10180	matched_entrez			False	CCLE column RBM6 (10180)
PGM1	5236	matched_entrez			False	CCLE column PGM1 (5236)
MYO10	4651	matched_entrez			False	CCLE column MYO10 (4651)
RSU1	6251	matched_entrez			False	CCLE column RSU1 (6251)
EGFR	1956	matched_entrez			False	CCLE column EGFR (1956)
KIAA0196	9897	matched_entrez			False	CCLE column WASHC5 (9897)
EXT1	2131	matched_entrez			False	CCLE column EXT1 (2131)
SPEN	23013	matched_entrez			False	CCLE column SPEN (23013)
PTPN12	5782	matched_entrez			False	CCLE column PTPN12 (5782)
TWF2	11344	matched_entrez			False	CCLE column TWF2 (11344)
TJP1	7082	matched_entrez			False	CCLE column TJP1 (7082)
MEST	4232	matched_entrez			False	CCLE column MEST (4232)
ALDOC	230	matched_entrez			False	CCLE column ALDOC (230)
KDM5A	5927	matched_entrez			False	CCLE column KDM5A (5927)
RAI14	26064	matched_entrez			False	CCLE column RAI14 (26064)
BIRC2	329	matched_entrez			False	CCLE column BIRC2 (329)
CTSL	1514	matched_entrez			False	CCLE column CTSL (1514)
PAF1	54623	matched_entrez			False	CCLE column PAF1 (54623)
BIRC5	332	matched_entrez			False	CCLE column BIRC5 (332)
RALB	5899	matched_entrez			False	CCLE column RALB (5899)
ARFIP2	23647	matched_entrez			False	CCLE column ARFIP2 (23647)
ARHGAP1	392	matched_entrez			False	CCLE column ARHGAP1 (392)
CPNE3	8895	matched_entrez			False	CCLE column CPNE3 (8895)
ABL1	25	matched_entrez			False	CCLE column ABL1 (25)
TRAK2	66008	matched_entrez			False	CCLE column TRAK2 (66008)
PYCR1	5831	matched_entrez			False	CCLE column PYCR1 (5831)
NUP62	23636	matched_entrez			False	CCLE column NUP62 (23636)
PCM1	5108	matched_entrez			False	CCLE column PCM1 (5108)
BLMH	642	matched_entrez			False	CCLE column BLMH (642)
MVP	9961	matched_entrez			False	CCLE column MVP (9961)
NUP133	55746	matched_entrez			False	CCLE column NUP133 (55746)
PLOD3	8985	matched_entrez			False	CCLE column PLOD3 (8985)
PPP2R5A	5525	matched_entrez			False	CCLE column PPP2R5A (5525)
NUP93	9688	matched_entrez			False	CCLE column NUP93 (9688)
ARL4C	10123	matched_entrez			False	CCLE column ARL4C (10123)
KIAA0907	22889	matched_entrez			False	CCLE column KHDC4 (22889)
CRK	1398	matched_entrez			False	CCLE column CRK (1398)
CHERP	10523	matched_entrez			False	CCLE column CHERP (10523)
PLK1	5347	matched_entrez			False	CCLE column PLK1 (5347)
TRIB1	10221	matched_entrez			False	CCLE column TRIB1 (10221)
CDK4	1019	matched_entrez			False	CCLE column CDK4 (1019)
STXBP1	6812	matched_entrez			False	CCLE column STXBP1 (6812)
VPS72	6944	matched_entrez			False	CCLE column VPS72 (6944)
HSD17B10	3028	matched_entrez			False	CCLE column HSD17B10 (3028)
CDKN1A	1026	matched_entrez			False	CCLE column CDKN1A (1026)
COL1A1	1277	matched_entrez			False	CCLE column COL1A1 (1277)
SENP6	26054	matched_entrez			False	CCLE column SENP6 (26054)
ACBD3	64746	matched_entrez			False	CCLE column ACBD3 (64746)
CSK	1445	matched_entrez			False	CCLE column CSK (1445)
CSNK1E	1454	matched_entrez			False	CCLE column CSNK1E (1454)
TOR1A	1861	matched_entrez			False	CCLE column TOR1A (1861)
TRAM2	9697	matched_entrez			False	CCLE column TRAM2 (9697)
TCEAL4	79921	matched_entrez			False	CCLE column TCEAL4 (79921)
GNPDA1	10007	matched_entrez			False	CCLE column GNPDA1 (10007)
RGS2	5997	matched_entrez			False	CCLE column RGS2 (5997)
ABCF3	55324	matched_entrez			False	CCLE column ABCF3 (55324)
TCERG1	10915	matched_entrez			False	CCLE column TCERG1 (10915)
USP1	7398	matched_entrez			False	CCLE column USP1 (7398)
KEAP1	9817	matched_entrez			False	CCLE column KEAP1 (9817)
KAT6A	7994	matched_entrez			False	CCLE column KAT6A (7994)
MPC2	25874	matched_entrez			False	CCLE column MPC2 (25874)
MYC	4609	matched_entrez			False	CCLE column MYC (4609)
SLC35B1	10237	matched_entrez			False	CCLE column SLC35B1 (10237)
PLSCR1	5359	matched_entrez			False	CCLE column PLSCR1 (5359)
DECR1	1666	matched_entrez			False	CCLE column DECR1 (1666)
ERBB3	2065	matched_entrez			False	CCLE column ERBB3 (2065)
PRSS23	11098	matched_entrez			False	CCLE column PRSS23 (11098)
PAPD7	11044	matched_entrez			False	CCLE column TENT4A (11044)
CTNNAL1	8727	matched_entrez			False	CCLE column CTNNAL1 (8727)
IKBKAP	8518	matched_entrez			False	CCLE column ELP1 (8518)
PPIE	10450	matched_entrez			False	CCLE column PPIE (10450)
DNAJB2	3300	matched_entrez			False	CCLE column DNAJB2 (3300)
SNAP25	6616	matched_entrez			False	CCLE column SNAP25 (6616)
BCL7B	9275	matched_entrez			False	CCLE column BCL7B (9275)
GALE	2582	matched_entrez			False	CCLE column GALE (2582)
HMGCR	3156	matched_entrez			False	CCLE column HMGCR (3156)
PRKCD	5580	matched_entrez			False	CCLE column PRKCD (5580)
VAPB	9217	matched_entrez			False	CCLE column VAPB (9217)
MYLK	4638	matched_entrez			False	CCLE column MYLK (4638)
S100A13	6284	matched_entrez			False	CCLE column S100A13 (6284)
NRIP1	8204	matched_entrez			False	CCLE column NRIP1 (8204)
HTATSF1	27336	matched_entrez			False	CCLE column HTATSF1 (27336)
ADAM10	102	matched_entrez			False	CCLE column ADAM10 (102)
EAPP	55837	matched_entrez			False	CCLE column EAPP (55837)
SERPINE1	5054	matched_entrez			False	CCLE column SERPINE1 (5054)
APPBP2	10513	matched_entrez			False	CCLE column APPBP2 (10513)
TOPBP1	11073	matched_entrez			False	CCLE column TOPBP1 (11073)
POLR2K	5440	matched_entrez			False	CCLE column POLR2K (5440)
ICAM1	3383	matched_entrez			False	CCLE column ICAM1 (3383)
NRAS	4893	matched_entrez			False	CCLE column NRAS (4893)
LPGAT1	9926	matched_entrez			False	CCLE column LPGAT1 (9926)
PSMB10	5699	matched_entrez			False	CCLE column PSMB10 (5699)
SDHB	6390	matched_entrez			False	CCLE column SDHB (6390)
RASA1	5921	matched_entrez			False	CCLE column RASA1 (5921)
GTF2A2	2958	matched_entrez			False	CCLE column GTF2A2 (2958)
NPC1	4864	matched_entrez			False	CCLE column NPC1 (4864)
GTF2E2	2961	matched_entrez			False	CCLE column GTF2E2 (2961)
RNMT	8731	matched_entrez			False	CCLE column RNMT (8731)
RBM15B	29890	matched_entrez			False	CCLE column RBM15B (29890)
OXSR1	9943	matched_entrez			False	CCLE column OXSR1 (9943)
DUSP11	8446	matched_entrez			False	CCLE column DUSP11 (8446)
CCNB2	9133	matched_entrez			False	CCLE column CCNB2 (9133)
HIST2H2BE	8349	matched_entrez			False	CCLE column H2BC21 (8349)
PTPN1	5770	matched_entrez			False	CCLE column PTPN1 (5770)
TES	26136	matched_entrez			False	CCLE column TES (26136)
GFPT1	2673	matched_entrez			False	CCLE column GFPT1 (2673)
LIG1	3978	matched_entrez			False	CCLE column LIG1 (3978)
PKIG	11142	matched_entrez			False	CCLE column PKIG (11142)
P4HA2	8974	matched_entrez			False	CCLE column P4HA2 (8974)
EBP	10682	matched_entrez			False	CCLE column EBP (10682)
PHKB	5257	matched_entrez			False	CCLE column PHKB (5257)
PIK3R3	8503	matched_entrez			False	CCLE column PIK3R3 (8503)
WRB	7485	matched_entrez			False	CCLE column GET1 (7485)
GPC1	2817	matched_entrez			False	CCLE column GPC1 (2817)
SYNE2	23224	matched_entrez			False	CCLE column SYNE2 (23224)
CASP3	836	matched_entrez			False	CCLE column CASP3 (836)
DNTTIP2	30836	matched_entrez			False	CCLE column DNTTIP2 (30836)
ZMYM2	7750	matched_entrez			False	CCLE column ZMYM2 (7750)
OXCT1	5019	matched_entrez			False	CCLE column OXCT1 (5019)
NNT	23530	matched_entrez			False	CCLE column NNT (23530)
MAPKAPK3	7867	matched_entrez			False	CCLE column MAPKAPK3 (7867)
INPP1	3628	matched_entrez			False	CCLE column INPP1 (3628)
SACM1L	22908	matched_entrez			False	CCLE column SACM1L (22908)
PRKACA	5566	matched_entrez			False	CCLE column PRKACA (5566)
INTS3	65123	matched_entrez			False	CCLE column INTS3 (65123)
STAMBP	10617	matched_entrez			False	CCLE column STAMBP (10617)
GAA	2548	matched_entrez			False	CCLE column GAA (2548)
TARBP1	6894	matched_entrez			False	CCLE column TARBP1 (6894)
SLC25A4	291	matched_entrez			False	CCLE column SLC25A4 (291)
SLC37A4	2542	matched_entrez			False	CCLE column SLC37A4 (2542)
PCK2	5106	matched_entrez			False	CCLE column PCK2 (5106)
HPRT1	3251	matched_entrez			False	CCLE column HPRT1 (3251)
FAH	2184	matched_entrez			False	CCLE column FAH (2184)
POP4	10775	matched_entrez			False	CCLE column POP4 (10775)
CDC20	991	matched_entrez			False	CCLE column CDC20 (991)
CYTH1	9267	matched_entrez			False	CCLE column CYTH1 (9267)
DDIT4	54541	matched_entrez			False	CCLE column DDIT4 (54541)
MAP7	9053	matched_entrez			False	CCLE column MAP7 (9053)
NIT1	4817	matched_entrez			False	CCLE column NIT1 (4817)
NUP88	4927	matched_entrez			False	CCLE column NUP88 (4927)
WFS1	7466	matched_entrez			False	CCLE column WFS1 (7466)
ADGRE5	976	matched_entrez			False	CCLE column ADGRE5 (976)
MSH6	2956	matched_entrez			False	CCLE column MSH6 (2956)
FAM20B	9917	matched_entrez			False	CCLE column FAM20B (9917)
PIN1	5300	matched_entrez			False	CCLE column PIN1 (5300)
ETFB	2109	matched_entrez			False	CCLE column ETFB (2109)
FPGS	2356	matched_entrez			False	CCLE column FPGS (2356)
FHL2	2274	matched_entrez			False	CCLE column FHL2 (2274)
CRYZ	1429	matched_entrez			False	CCLE column CRYZ (1429)
UBE2C	11065	matched_entrez			False	CCLE column UBE2C (11065)
RFX5	5993	matched_entrez			False	CCLE column RFX5 (5993)
ARNT2	9915	matched_entrez			False	CCLE column ARNT2 (9915)
PYGL	5836	matched_entrez			False	CCLE column PYGL (5836)
POLD4	57804	matched_entrez			False	CCLE column POLD4 (57804)
LYPLA1	10434	matched_entrez			False	CCLE column LYPLA1 (10434)
ECD	11319	matched_entrez			False	CCLE column ECD (11319)
PTPRK	5796	matched_entrez			False	CCLE column PTPRK (5796)
TIMELESS	8914	matched_entrez			False	CCLE column TIMELESS (8914)
STK10	6793	matched_entrez			False	CCLE column STK10 (6793)
TP53BP1	7158	matched_entrez			False	CCLE column TP53BP1 (7158)
TCTA	6988	matched_entrez			False	CCLE column TCTA (6988)
PDHX	8050	matched_entrez			False	CCLE column PDHX (8050)
KLHL21	9903	matched_entrez			False	CCLE column KLHL21 (9903)
COG2	22796	matched_entrez			False	CCLE column COG2 (22796)
DNM1L	10059	matched_entrez			False	CCLE column DNM1L (10059)
PTK2B	2185	matched_entrez			False	CCLE column PTK2B (2185)
PAN2	9924	matched_entrez			False	CCLE column PAN2 (9924)
CCDC86	79080	matched_entrez			False	CCLE column CCDC86 (79080)
TP53BP2	7159	matched_entrez			False	CCLE column TP53BP2 (7159)
SLC11A2	4891	matched_entrez			False	CCLE column SLC11A2 (4891)
SPTLC2	9517	matched_entrez			False	CCLE column SPTLC2 (9517)
KIF5C	3800	matched_entrez			False	CCLE column KIF5C (3800)
RB1	5925	matched_entrez			False	CCLE column RB1 (5925)
TBP	6908	matched_entrez			False	CCLE column TBP (6908)
HAT1	8520	matched_entrez			False	CCLE column HAT1 (8520)
PAK4	10298	matched_entrez			False	CCLE column PAK4 (10298)
TIMP2	7077	matched_entrez			False	CCLE column TIMP2 (7077)
RRP8	23378	matched_entrez			False	CCLE column RRP8 (23378)
S100A4	6275	matched_entrez			False	CCLE column S100A4 (6275)
B4GAT1	11041	matched_entrez			False	CCLE column B4GAT1 (11041)
ABCB6	10058	matched_entrez			False	CCLE column ABCB6 (10058)
PMM2	5373	matched_entrez			False	CCLE column PMM2 (5373)
MTFR1	9650	matched_entrez			False	CCLE column MTFR1 (9650)
RFC5	5985	matched_entrez			False	CCLE column RFC5 (5985)
CDK1	983	matched_entrez			False	CCLE column CDK1 (983)
ST3GAL5	8869	matched_entrez			False	CCLE column ST3GAL5 (8869)
MAPK9	5601	matched_entrez			False	CCLE column MAPK9 (5601)
TLE1	7088	matched_entrez			False	CCLE column TLE1 (7088)
PAFAH1B3	5050	matched_entrez			False	CCLE column PAFAH1B3 (5050)
IL4R	3566	matched_entrez			False	CCLE column IL4R (3566)
NPRL2	10641	matched_entrez			False	CCLE column NPRL2 (10641)
CDH3	1001	matched_entrez			False	CCLE column CDH3 (1001)
DRAP1	10589	matched_entrez			False	CCLE column DRAP1 (10589)
DFFA	1676	matched_entrez			False	CCLE column DFFA (1676)
EDEM1	9695	matched_entrez			False	CCLE column EDEM1 (9695)
HS2ST1	9653	matched_entrez			False	CCLE column HS2ST1 (9653)
KIAA0355	9710	matched_entrez			False	CCLE column GARRE1 (9710)
CNOT4	4850	matched_entrez			False	CCLE column CNOT4 (4850)
DMTF1	9988	matched_entrez			False	CCLE column DMTF1 (9988)
DCK	1633	matched_entrez			False	CCLE column DCK (1633)
DYNLT3	6990	matched_entrez			False	CCLE column DYNLT3 (6990)
BAMBI	25805	matched_entrez			False	CCLE column BAMBI (25805)
SLC35A1	10559	matched_entrez			False	CCLE column SLC35A1 (10559)
NCK2	8440	matched_entrez			False	CCLE column NCK2 (8440)
ITGB1BP1	9270	matched_entrez			False	CCLE column ITGB1BP1 (9270)
PPP2R5E	5529	matched_entrez			False	CCLE column PPP2R5E (5529)
CEBPZ	10153	matched_entrez			False	CCLE column CEBPZ (10153)
TIMM17B	10245	matched_entrez			False	CCLE column TIMM17B (10245)
UGDH	7358	matched_entrez			False	CCLE column UGDH (7358)
MTF2	22823	matched_entrez			False	CCLE column MTF2 (22823)
EZH2	2146	matched_entrez			False	CCLE column EZH2 (2146)
MYCBP	26292	matched_entrez			False	CCLE column MYCBP (26292)
DUSP14	11072	matched_entrez			False	CCLE column DUSP14 (11072)
SOCS2	8835	matched_entrez			False	CCLE column SOCS2 (8835)
RPS6KA1	6195	matched_entrez			False	CCLE column RPS6KA1 (6195)
APOE	348	matched_entrez			False	CCLE column APOE (348)
HES1	3280	matched_entrez			False	CCLE column HES1 (3280)
PSMG1	8624	matched_entrez			False	CCLE column PSMG1 (8624)
SATB1	6304	matched_entrez			False	CCLE column SATB1 (6304)
DDB2	1643	matched_entrez			False	CCLE column DDB2 (1643)
CCNA2	890	matched_entrez			False	CCLE column CCNA2 (890)
EML3	256364	matched_entrez			False	CCLE column EML3 (256364)
PRAF2	11230	matched_entrez			False	CCLE column PRAF2 (11230)
SPR	6697	matched_entrez			False	CCLE column SPR (6697)
EPN2	22905	matched_entrez			False	CCLE column EPN2 (22905)
MRPL19	9801	matched_entrez			False	CCLE column MRPL19 (9801)
CEP57	9702	matched_entrez			False	CCLE column CEP57 (9702)
TRAPPC3	27095	matched_entrez			False	CCLE column TRAPPC3 (27095)
ZNF318	24149	matched_entrez			False	CCLE column ZNF318 (24149)
STX4	6810	matched_entrez			False	CCLE column STX4 (6810)
IPO13	9670	matched_entrez			False	CCLE column IPO13 (9670)
PCBD1	5092	matched_entrez			False	CCLE column PCBD1 (5092)
MNAT1	4331	matched_entrez			False	CCLE column MNAT1 (4331)
AGL	178	matched_entrez			False	CCLE column AGL (178)
LOXL1	4016	matched_entrez			False	CCLE column LOXL1 (4016)
NFIL3	4783	matched_entrez			False	CCLE column NFIL3 (4783)
CSNK2A2	1459	matched_entrez			False	CCLE column CSNK2A2 (1459)
RAB4A	5867	matched_entrez			False	CCLE column RAB4A (5867)
POLB	5423	matched_entrez			False	CCLE column POLB (5423)
IGF1R	3480	matched_entrez			False	CCLE column IGF1R (3480)
FGFR2	2263	matched_entrez			False	CCLE column FGFR2 (2263)
MBNL2	10150	matched_entrez			False	CCLE column MBNL2 (10150)
TATDN2	9797	matched_entrez			False	CCLE column TATDN2 (9797)
TRIM13	10206	matched_entrez			False	CCLE column TRIM13 (10206)
HMOX1	3162	matched_entrez			False	CCLE column HMOX1 (3162)
NUCB2	4925	matched_entrez			False	CCLE column NUCB2 (4925)
BCL2	596	matched_entrez			False	CCLE column BCL2 (596)
RFC2	5982	matched_entrez			False	CCLE column RFC2 (5982)
FZD7	8324	matched_entrez			False	CCLE column FZD7 (8324)
PHKG2	5261	matched_entrez			False	CCLE column PHKG2 (5261)
GADD45A	1647	matched_entrez			False	CCLE column GADD45A (1647)
LAMA3	3909	matched_entrez			False	CCLE column LAMA3 (3909)
SKIV2L	6499	matched_entrez			False	CCLE column SKIC2 (6499)
BUB1B	701	matched_entrez			False	CCLE column BUB1B (701)
SLC25A13	10165	matched_entrez			False	CCLE column SLC25A13 (10165)
SSBP2	23635	matched_entrez			False	CCLE column SSBP2 (23635)
AKAP8	10270	matched_entrez			False	CCLE column AKAP8 (10270)
PDIA5	10954	matched_entrez			False	CCLE column PDIA5 (10954)
RAB11FIP2	22841	matched_entrez			False	CCLE column RAB11FIP2 (22841)
RAB21	23011	matched_entrez			False	CCLE column RAB21 (23011)
LYRM1	57149	matched_entrez			False	CCLE column LYRM1 (57149)
RAP1GAP	5909	matched_entrez			False	CCLE column RAP1GAP (5909)
TCEA2	6919	matched_entrez			False	CCLE column TCEA2 (6919)
NFKBIE	4794	matched_entrez			False	CCLE column NFKBIE (4794)
MRPL12	6182	matched_entrez			False	CCLE column MRPL12 (6182)
ATF6	22926	matched_entrez			False	CCLE column ATF6 (22926)
CEBPD	1052	matched_entrez			False	CCLE column CEBPD (1052)
GNB5	10681	matched_entrez			False	CCLE column GNB5 (10681)
DUSP4	1846	matched_entrez			False	CCLE column DUSP4 (1846)
CEBPA	1050	matched_entrez			False	CCLE column CEBPA (1050)
WASF3	10810	matched_entrez			False	CCLE column WASF3 (10810)
PRKX	5613	matched_entrez			False	CCLE column PRKX (5613)
SLC5A6	8884	matched_entrez			False	CCLE column SLC5A6 (8884)
MAP3K4	4216	matched_entrez			False	CCLE column MAP3K4 (4216)
AURKA	6790	matched_entrez			False	CCLE column AURKA (6790)
CCNH	902	matched_entrez			False	CCLE column CCNH (902)
TESK1	7016	matched_entrez			False	CCLE column TESK1 (7016)
CDC45	8318	matched_entrez			False	CCLE column CDC45 (8318)
FOXO3	2309	matched_entrez			False	CCLE column FOXO3 (2309)
ENOSF1	55556	matched_entrez			False	CCLE column ENOSF1 (55556)
IFNAR1	3454	matched_entrez			False	CCLE column IFNAR1 (3454)
CDK2	1017	matched_entrez			False	CCLE column CDK2 (1017)
ELOVL6	79071	matched_entrez			False	CCLE column ELOVL6 (79071)
PMAIP1	5366	matched_entrez			False	CCLE column PMAIP1 (5366)
PIK3C3	5289	matched_entrez			False	CCLE column PIK3C3 (5289)
CREB1	1385	matched_entrez			False	CCLE column CREB1 (1385)
PIK3CA	5290	matched_entrez			False	CCLE column PIK3CA (5290)
GSTM2	2946	matched_entrez			False	CCLE column GSTM2 (2946)
FOSL1	8061	matched_entrez			False	CCLE column FOSL1 (8061)
FZD1	8321	matched_entrez			False	CCLE column FZD1 (8321)
PLA2G15	23659	matched_entrez			False	CCLE column PLA2G15 (23659)
SNCA	6622	matched_entrez			False	CCLE column SNCA (6622)
MMP1	4312	matched_entrez			False	CCLE column MMP1 (4312)
PIK3C2B	5287	matched_entrez			False	CCLE column PIK3C2B (5287)
CD44	960	matched_entrez			False	CCLE column CD44 (960)
DPH2	1802	matched_entrez			False	CCLE column DPH2 (1802)
PPIC	5480	matched_entrez			False	CCLE column PPIC (5480)
BRCA1	672	matched_entrez			False	CCLE column BRCA1 (672)
ST6GALNAC2	10610	matched_entrez			False	CCLE column ST6GALNAC2 (10610)
IKBKE	9641	matched_entrez			False	CCLE column IKBKE (9641)
FGFR4	2264	matched_entrez			False	CCLE column FGFR4 (2264)
SLC25A14	9016	matched_entrez			False	CCLE column SLC25A14 (9016)
CGRRF1	10668	matched_entrez			False	CCLE column CGRRF1 (10668)
CCDC85B	11007	matched_entrez			False	CCLE column CCDC85B (11007)
ACD	65057	matched_entrez			False	CCLE column ACD (65057)
TFAP2A	7020	matched_entrez			False	CCLE column TFAP2A (7020)
SHB	6461	matched_entrez			False	CCLE column SHB (6461)
CCP110	9738	matched_entrez			False	CCLE column CCP110 (9738)
KCNK1	3775	matched_entrez			False	CCLE column KCNK1 (3775)
CDC25A	993	matched_entrez			False	CCLE column CDC25A (993)
KIAA0753	9851	matched_entrez			False	CCLE column KIAA0753 (9851)
NCK1	4690	matched_entrez			False	CCLE column NCK1 (4690)
STX1A	6804	matched_entrez			False	CCLE column STX1A (6804)
PTGS2	5743	matched_entrez			False	CCLE column PTGS2 (5743)
MAP2K5	5607	matched_entrez			False	CCLE column MAP2K5 (5607)
C2CD2L	9854	matched_entrez			False	CCLE column C2CD2L (9854)
USP6NL	9712	matched_entrez			False	CCLE column USP6NL (9712)
FAS	355	matched_entrez			False	CCLE column FAS (355)
PPOX	5498	matched_entrez			False	CCLE column PPOX (5498)
TMEM5	10329	matched_entrez			False	CCLE column RXYLT1 (10329)
CLPX	10845	matched_entrez			False	CCLE column CLPX (10845)
ZW10	9183	matched_entrez			False	CCLE column ZW10 (9183)
MELK	9833	matched_entrez			False	CCLE column MELK (9833)
CCNF	899	matched_entrez			False	CCLE column CCNF (899)
RAD9A	5883	matched_entrez			False	CCLE column RAD9A (5883)
TCFL5	10732	matched_entrez			False	CCLE column TCFL5 (10732)
ZNF274	10782	matched_entrez			False	CCLE column ZNF274 (10782)
ICAM3	3385	matched_entrez			False	CCLE column ICAM3 (3385)
DDX10	1662	matched_entrez			False	CCLE column DDX10 (1662)
TRAPPC6A	79090	matched_entrez			False	CCLE column TRAPPC6A (79090)
CDK5R1	8851	matched_entrez			False	CCLE column CDK5R1 (8851)
ATF5	22809	matched_entrez			False	CCLE column ATF5 (22809)
STAT5B	6777	matched_entrez			False	CCLE column STAT5B (6777)
CCNE2	9134	matched_entrez			False	CCLE column CCNE2 (9134)
LSM6	11157	matched_entrez			False	CCLE column LSM6 (11157)
IKZF1	10320	matched_entrez			False	CCLE column IKZF1 (10320)
CENPE	1062	matched_entrez			False	CCLE column CENPE (1062)
KIT	3815	matched_entrez			False	CCLE column KIT (3815)
ITGAE	3682	matched_entrez			False	CCLE column ITGAE (3682)
IL1B	3553	matched_entrez			False	CCLE column IL1B (3553)
ORC1	4998	matched_entrez			False	CCLE column ORC1 (4998)
MAMLD1	10046	matched_entrez			False	CCLE column MAMLD1 (10046)
SGCB	6443	matched_entrez			False	CCLE column SGCB (6443)
MOK	5891	matched_entrez			False	CCLE column MOK (5891)
CD40	958	matched_entrez			False	CCLE column CD40 (958)
PEX11A	8800	matched_entrez			False	CCLE column PEX11A (8800)
CLTB	1212	matched_entrez			False	CCLE column CLTB (1212)
CD58	965	matched_entrez			False	CCLE column CD58 (965)
PLS1	5357	matched_entrez			False	CCLE column PLS1 (5357)
PCMT1	5110	matched_entrez			False	CCLE column PCMT1 (5110)
RELB	5971	matched_entrez			False	CCLE column RELB (5971)
GNA15	2769	matched_entrez			False	CCLE column GNA15 (2769)
INPP4B	8821	matched_entrez			False	CCLE column INPP4B (8821)
CBR3	874	matched_entrez			False	CCLE column CBR3 (874)
CHEK1	1111	matched_entrez			False	CCLE column CHEK1 (1111)
SMAD3	4088	matched_entrez			False	CCLE column SMAD3 (4088)
DAG1	1605	matched_entrez			False	CCLE column DAG1 (1605)
PHKA1	5255	matched_entrez			False	CCLE column PHKA1 (5255)
FOXO4	4303	matched_entrez			False	CCLE column FOXO4 (4303)
PIGB	9488	matched_entrez			False	CCLE column PIGB (9488)
PDGFA	5154	matched_entrez			False	CCLE column PDGFA (5154)
CASP10	843	matched_entrez			False	CCLE column CASP10 (843)
GHR	2690	matched_entrez			False	CCLE column GHR (2690)
C5	727	matched_entrez			False	CCLE column C5 (727)
BTK	695	matched_entrez			False	CCLE column BTK (695)
RPP38	10557	matched_entrez			False	CCLE column RPP38 (10557)
SNX7	51375	matched_entrez			False	CCLE column SNX7 (51375)
NOS3	4846	matched_entrez			False	CCLE column NOS3 (4846)
SCYL3	57147	matched_entrez			False	CCLE column SCYL3 (57147)
ALAS1	211	matched_entrez			False	CCLE column ALAS1 (211)
SYNGR3	9143	matched_entrez			False	CCLE column SYNGR3 (9143)
BPHL	670	matched_entrez			False	CCLE column BPHL (670)
POLG2	11232	matched_entrez			False	CCLE column POLG2 (11232)
NOLC1	9221	matched_entrez			False	CCLE column NOLC1 (9221)
NFATC4	4776	matched_entrez			False	CCLE column NFATC4 (4776)
CCNA1	8900	matched_entrez			False	CCLE column CCNA1 (8900)
POLE2	5427	matched_entrez			False	CCLE column POLE2 (5427)
DNAJA3	9093	matched_entrez			False	CCLE column DNAJA3 (9093)
FOXJ3	22887	matched_entrez			False	CCLE column FOXJ3 (22887)
RNH1	6050	matched_entrez			False	CCLE column RNH1 (6050)
RAD51C	5889	matched_entrez			False	CCLE column RAD51C (5889)
EPHA3	2042	matched_entrez			False	CCLE column EPHA3 (2042)
PRKCH	5583	matched_entrez			False	CCLE column PRKCH (5583)
FUT1	2523	matched_entrez			False	CCLE column FUT1 (2523)
ADRB2	154	matched_entrez			False	CCLE column ADRB2 (154)
GABPB1	2553	matched_entrez			False	CCLE column GABPB1 (2553)
EGF	1950	matched_entrez			False	CCLE column EGF (1950)
KIF14	9928	matched_entrez			False	CCLE column KIF14 (9928)
ETV1	2115	matched_entrez			False	CCLE column ETV1 (2115)
CSNK1A1	1452	matched_entrez			False	CCLE column CSNK1A1 (1452)
MAP4K4	9448	matched_entrez			False	CCLE column MAP4K4 (9448)
GLRX	2745	matched_entrez			False	CCLE column GLRX (2745)
PTPN6	5777	matched_entrez			False	CCLE column PTPN6 (5777)
CPSF4	10898	matched_entrez			False	CCLE column CPSF4 (10898)
LPAR2	9170	matched_entrez			False	CCLE column LPAR2 (9170)
DFFB	1677	matched_entrez			False	CCLE column DFFB (1677)
SLC35A3	23443	matched_entrez			False	CCLE column SLC35A3 (23443)
HDAC6	10013	matched_entrez			False	CCLE column HDAC6 (10013)
GLI2	2736	matched_entrez			False	CCLE column GLI2 (2736)
CDKN2A	1029	matched_entrez			False	CCLE column CDKN2A (1029)
E2F2	1870	matched_entrez			False	CCLE column E2F2 (1870)
CDK6	1021	matched_entrez			False	CCLE column CDK6 (1021)
AKT1	207	matched_entrez			False	CCLE column AKT1 (207)
CASP7	840	matched_entrez			False	CCLE column CASP7 (840)
TNIP1	10318	matched_entrez			False	CCLE column TNIP1 (10318)
TERT	7015	matched_entrez			False	CCLE column TERT (7015)
PTPRC	5788	matched_entrez			False	CCLE column PTPRC (5788)
TGFBR2	7048	matched_entrez			False	CCLE column TGFBR2 (7048)
NFATC3	4775	matched_entrez			False	CCLE column NFATC3 (4775)
RAC2	5880	matched_entrez			False	CCLE column RAC2 (5880)
POLR1C	9533	matched_entrez			False	CCLE column POLR1C (9533)
NFKB2	4791	matched_entrez			False	CCLE column NFKB2 (4791)
SYK	6850	matched_entrez			False	CCLE column SYK (6850)
CASK	8573	matched_entrez			False	CCLE column CASK (8573)
NCOA3	8202	matched_entrez			False	CCLE column NCOA3 (8202)
PSMD9	5715	matched_entrez			False	CCLE column PSMD9 (5715)
PROS1	5627	matched_entrez			False	CCLE column PROS1 (5627)
CASC3	22794	matched_entrez			False	CCLE column CASC3 (22794)
MUC1	4582	matched_entrez			False	CCLE column MUC1 (4582)
ST7	7982	matched_entrez			False	CCLE column ST7 (7982)
NVL	4931	matched_entrez			False	CCLE column NVL (4931)
MEF2C	4208	matched_entrez			False	CCLE column MEF2C (4208)
CHP1	11261	matched_entrez			False	CCLE column CHP1 (11261)
HMGA2	8091	matched_entrez			False	CCLE column HMGA2 (8091)
CASP2	835	matched_entrez			False	CCLE column CASP2 (835)
LSR	51599	matched_entrez			False	CCLE column LSR (51599)
MALT1	10892	matched_entrez			False	CCLE column MALT1 (10892)
TBPL1	9519	matched_entrez			False	CCLE column TBPL1 (9519)
CTNND1	1500	matched_entrez			False	CCLE column CTNND1 (1500)
CIAPIN1	57019	matched_entrez			False	CCLE column CIAPIN1 (57019)
BAX	581	matched_entrez			False	CCLE column BAX (581)
PPARG	5468	matched_entrez			False	CCLE column PPARG (5468)
SPTAN1	6709	matched_entrez			False	CCLE column SPTAN1 (6709)
EIF4G1	1981	matched_entrez			False	CCLE column EIF4G1 (1981)
VAT1	10493	matched_entrez			False	CCLE column VAT1 (10493)
MACF1	23499	matched_entrez			False	CCLE column MACF1 (23499)
PARP1	142	matched_entrez			False	CCLE column PARP1 (142)
FDFT1	2222	matched_entrez			False	CCLE column FDFT1 (2222)
HSPA8	3312	matched_entrez			False	CCLE column HSPA8 (3312)
PDLIM1	9124	matched_entrez			False	CCLE column PDLIM1 (9124)
EIF5	1983	matched_entrez			False	CCLE column EIF5 (1983)
CCND1	595	matched_entrez			False	CCLE column CCND1 (595)
TMCO1	54499	matched_entrez			False	CCLE column TMCO1 (54499)
OXA1L	5018	matched_entrez			False	CCLE column OXA1L (5018)
CDC42	998	matched_entrez			False	CCLE column CDC42 (998)
TSC22D3	1831	matched_entrez			False	CCLE column TSC22D3 (1831)
PTK2	5747	matched_entrez			False	CCLE column PTK2 (5747)
ADH5	128	matched_entrez			False	CCLE column ADH5 (128)
REEP5	7905	matched_entrez			False	CCLE column REEP5 (7905)
DUSP6	1848	matched_entrez			False	CCLE column DUSP6 (1848)
HLA-DRA	3122	matched_entrez			False	CCLE column HLA-DRA (3122)
ATP6V1D	51382	matched_entrez			False	CCLE column ATP6V1D (51382)
CYCS	54205	matched_entrez			False	CCLE column CYCS (54205)
CAST	831	matched_entrez			False	CCLE column CAST (831)
LGALS8	3964	matched_entrez			False	CCLE column LGALS8 (3964)
BECN1	8678	matched_entrez			False	CCLE column BECN1 (8678)
ALDH7A1	501	matched_entrez			False	CCLE column ALDH7A1 (501)
STAT3	6774	matched_entrez			False	CCLE column STAT3 (6774)
DNAJB6	10049	matched_entrez			False	CCLE column DNAJB6 (10049)
COPS7A	50813	matched_entrez			False	CCLE column COPS7A (50813)
PSMB8	5696	matched_entrez			False	CCLE column PSMB8 (5696)
XPNPEP1	7511	matched_entrez			False	CCLE column XPNPEP1 (7511)
RALGDS	5900	matched_entrez			False	CCLE column RALGDS (5900)
CORO1A	11151	matched_entrez			False	CCLE column CORO1A (11151)
GLOD4	51031	matched_entrez			False	CCLE column GLOD4 (51031)
DLD	1738	matched_entrez			False	CCLE column DLD (1738)
IFRD2	7866	matched_entrez			False	CCLE column IFRD2 (7866)
TSPAN6	7105	matched_entrez			False	CCLE column TSPAN6 (7105)
CDKN1B	1027	matched_entrez			False	CCLE column CDKN1B (1027)
PRPF4	9128	matched_entrez			False	CCLE column PRPF4 (9128)
CYB561	1534	matched_entrez			False	CCLE column CYB561 (1534)
MAN2B1	4125	matched_entrez			False	CCLE column MAN2B1 (4125)
MBOAT7	79143	matched_entrez			False	CCLE column MBOAT7 (79143)
FOS	2353	matched_entrez			False	CCLE column FOS (2353)
TUBB6	84617	matched_entrez			False	CCLE column TUBB6 (84617)
CBR1	873	matched_entrez			False	CCLE column CBR1 (873)
MFSD10	10227	matched_entrez			False	CCLE column MFSD10 (10227)
SORBS3	10174	matched_entrez			False	CCLE column SORBS3 (10174)
SMC3	9126	matched_entrez			False	CCLE column SMC3 (9126)
SFN	2810	matched_entrez			False	CCLE column SFN (2810)
NR2F6	2063	matched_entrez			False	CCLE column NR2F6 (2063)
TSPAN4	7106	matched_entrez			False	CCLE column TSPAN4 (7106)
GADD45B	4616	matched_entrez			False	CCLE column GADD45B (4616)
PSIP1	11168	matched_entrez			False	CCLE column PSIP1 (11168)
IKBKB	3551	matched_entrez			False	CCLE column IKBKB (3551)
BAD	572	matched_entrez			False	CCLE column BAD (572)
STXBP2	6813	matched_entrez			False	CCLE column STXBP2 (6813)
ABCC5	10057	matched_entrez			False	CCLE column ABCC5 (10057)
KIF2C	11004	matched_entrez			False	CCLE column KIF2C (11004)
GRB10	2887	matched_entrez			False	CCLE column GRB10 (2887)
ARHGEF2	9181	matched_entrez			False	CCLE column ARHGEF2 (9181)
AURKB	9212	matched_entrez			False	CCLE column AURKB (9212)
MKNK1	8569	matched_entrez			False	CCLE column MKNK1 (8569)
RPA3	6119	matched_entrez			False	CCLE column RPA3 (6119)
RAB27A	5873	matched_entrez			False	CCLE column RAB27A (5873)
HDGFRP3	50810	matched_entrez			False	CCLE column HDGFL3 (50810)
GSTZ1	2954	matched_entrez			False	CCLE column GSTZ1 (2954)
RRS1	23212	matched_entrez			False	CCLE column RRS1 (23212)
EED	8726	matched_entrez			False	CCLE column EED (8726)
GNAI1	2770	matched_entrez			False	CCLE column GNAI1 (2770)
PRUNE	58497	matched_entrez			False	CCLE column PRUNE1 (58497)
EPHB2	2048	matched_entrez			False	CCLE column EPHB2 (2048)
GATA3	2625	matched_entrez			False	CCLE column GATA3 (2625)
ACAT2	39	matched_entrez			False	CCLE column ACAT2 (39)
PAK1	5058	matched_entrez			False	CCLE column PAK1 (5058)
CETN3	1070	matched_entrez			False	CCLE column CETN3 (1070)
CBLB	868	matched_entrez			False	CCLE column CBLB (868)
GATA2	2624	matched_entrez			False	CCLE column GATA2 (2624)
TGFB3	7043	matched_entrez			False	CCLE column TGFB3 (7043)
CXCL2	2920	matched_entrez			False	CCLE column CXCL2 (2920)
HIST1H2BK	85236	matched_entrez			False	CCLE column H2BC12 (85236)
ANXA7	310	matched_entrez			False	CCLE column ANXA7 (310)
SPP1	6696	matched_entrez			False	CCLE column SPP1 (6696)
PUF60	22827	matched_entrez			False	CCLE column PUF60 (22827)
CFLAR	8837	matched_entrez			False	CCLE column CFLAR (8837)
PRKCQ	5588	matched_entrez			False	CCLE column PRKCQ (5588)
MAPK13	5603	matched_entrez			False	CCLE column MAPK13 (5603)
FYN	2534	matched_entrez			False	CCLE column FYN (2534)
RPL39L	116832	matched_entrez			False	CCLE column RPL39L (116832)
PLA2G4A	5321	matched_entrez			False	CCLE column PLA2G4A (5321)
DYRK3	8444	matched_entrez			False	CCLE column DYRK3 (8444)
ME2	4200	matched_entrez			False	CCLE column ME2 (4200)
ACLY	47	matched_entrez			False	CCLE column ACLY (47)
CHEK2	11200	matched_entrez			False	CCLE column CHEK2 (11200)
GPER1	2852	matched_entrez			False	CCLE column GPER1 (2852)
HMG20B	10362	matched_entrez			False	CCLE column HMG20B (10362)
LYN	4067	matched_entrez			False	CCLE column LYN (4067)
GRB7	2886	matched_entrez			False	CCLE column GRB7 (2886)
DHRS7	51635	matched_entrez			False	CCLE column DHRS7 (51635)
TPM1	7168	matched_entrez			False	CCLE column TPM1 (7168)
HSPA4	3308	matched_entrez			False	CCLE column HSPA4 (3308)
MLLT11	10962	matched_entrez			False	CCLE column MLLT11 (10962)
CDK7	1022	matched_entrez			False	CCLE column CDK7 (1022)
RAE1	8480	matched_entrez			False	CCLE column RAE1 (8480)
BMP4	652	matched_entrez			False	CCLE column BMP4 (652)
BDH1	622	matched_entrez			False	CCLE column BDH1 (622)
BID	637	matched_entrez			False	CCLE column BID (637)
BLVRA	644	matched_entrez			False	CCLE column BLVRA (644)
LSM5	23658	matched_entrez			False	CCLE column LSM5 (23658)
TXNDC9	10190	matched_entrez			False	CCLE column TXNDC9 (10190)
MTA1	9112	matched_entrez			False	CCLE column MTA1 (9112)
CXCR4	7852	matched_entrez			False	CCLE column CXCR4 (7852)
COL4A1	1282	matched_entrez			False	CCLE column COL4A1 (1282)
RNF167	26001	matched_entrez			False	CCLE column RNF167 (26001)
WIPF2	147179	matched_entrez			False	CCLE column WIPF2 (147179)
TBC1D9B	23061	matched_entrez			False	CCLE column TBC1D9B (23061)
ADGRG1	9289	matched_entrez			False	CCLE column ADGRG1 (9289)
HN1L	90861	matched_entrez			False	CCLE column JPT2 (90861)
ZMIZ1	57178	matched_entrez			False	CCLE column ZMIZ1 (57178)
PDS5A	23244	matched_entrez			False	CCLE column PDS5A (23244)
IGFBP3	3486	matched_entrez			False	CCLE column IGFBP3 (3486)
XPO7	23039	matched_entrez			False	CCLE column XPO7 (23039)
CRKL	1399	matched_entrez			False	CCLE column CRKL (1399)
COG4	25839	matched_entrez			False	CCLE column COG4 (25839)
H2AFV	94239	matched_entrez			False	CCLE column H2AZ2 (94239)
FBXO21	23014	matched_entrez			False	CCLE column FBXO21 (23014)
ATP2C1	27032	matched_entrez			False	CCLE column ATP2C1 (27032)
TMEM97	27346	matched_entrez			False	CCLE column TMEM97 (27346)
SUZ12	23512	matched_entrez			False	CCLE column SUZ12 (23512)
TXLNA	200081	matched_entrez			False	CCLE column TXLNA (200081)
TFDP1	7027	matched_entrez			False	CCLE column TFDP1 (7027)
VGLL4	9686	matched_entrez			False	CCLE column VGLL4 (9686)
UBE3B	89910	matched_entrez			False	CCLE column UBE3B (89910)
KIF1BP	26128	matched_entrez			False	CCLE column KIFBP (26128)
SPRED2	200734	matched_entrez			False	CCLE column SPRED2 (200734)
KAT6B	23522	matched_entrez			False	CCLE column KAT6B (23522)
GPATCH8	23131	matched_entrez			False	CCLE column GPATCH8 (23131)
ADO	84890	matched_entrez			False	CCLE column ADO (84890)
ATP11B	23200	matched_entrez			False	CCLE column ATP11B (23200)
ZNF451	26036	matched_entrez			False	CCLE column ZNF451 (26036)
RBM34	23029	matched_entrez			False	CCLE column RBM34 (23029)
ARID5B	84159	matched_entrez			False	CCLE column ARID5B (84159)
CHN1	1123	matched_entrez			False	CCLE column CHN1 (1123)
MAPK1IP1L	93487	matched_entrez			False	CCLE column MAPK1IP1L (93487)
DHX29	54505	matched_entrez			False	CCLE column DHX29 (54505)
JADE2	23338	matched_entrez			False	CCLE column JADE2 (23338)
TIPARP	25976	matched_entrez			False	CCLE column TIPARP (25976)
KDM3A	55818	matched_entrez			False	CCLE column KDM3A (55818)
PCCB	5096	matched_entrez			False	CCLE column PCCB (5096)
PLEKHM1	9842	matched_entrez			False	CCLE column PLEKHM1 (9842)
JMJD6	23210	matched_entrez			False	CCLE column JMJD6 (23210)
PIK3R4	30849	matched_entrez			False	CCLE column PIK3R4 (30849)
CAMSAP2	23271	matched_entrez			False	CCLE column CAMSAP2 (23271)
KIAA1033	23325	matched_entrez			False	CCLE column WASHC4 (23325)
SLC1A4	6509	matched_entrez			False	CCLE column SLC1A4 (6509)
ASCC3	10973	matched_entrez			False	CCLE column ASCC3 (10973)
SLC25A46	91137	matched_entrez			False	CCLE column SLC25A46 (91137)
RRP1B	23076	matched_entrez			False	CCLE column RRP1B (23076)
AXIN1	8312	matched_entrez			False	CCLE column AXIN1 (8312)
DCUN1D4	23142	matched_entrez			False	CCLE column DCUN1D4 (23142)
MAPKAPK5	8550	matched_entrez			False	CCLE column MAPKAPK5 (8550)
C2CD2	25966	matched_entrez			False	CCLE column C2CD2 (25966)
WDR7	23335	matched_entrez			False	CCLE column WDR7 (23335)
SUPV3L1	6832	matched_entrez			False	CCLE column SUPV3L1 (6832)
CDK19	23097	matched_entrez			False	CCLE column CDK19 (23097)
THAP11	57215	matched_entrez			False	CCLE column THAP11 (57215)
C2CD5	9847	matched_entrez			False	CCLE column C2CD5 (9847)
POLR2I	5438	matched_entrez			False	CCLE column POLR2I (5438)
RFNG	5986	matched_entrez			False	CCLE column RFNG (5986)
RPIA	22934	matched_entrez			False	CCLE column RPIA (22934)
TLK2	11011	matched_entrez			False	CCLE column TLK2 (11011)
TIAM1	7074	matched_entrez			False	CCLE column TIAM1 (7074)
HOXA10	3206	matched_entrez			False	CCLE column HOXA10 (3206)
COG7	91949	matched_entrez			False	CCLE column COG7 (91949)
TICAM1	148022	matched_entrez			False	CCLE column TICAM1 (148022)
KLHL9	55958	matched_entrez			False	CCLE column KLHL9 (55958)
SNX13	23161	matched_entrez			False	CCLE column SNX13 (23161)
SRC	6714	matched_entrez			False	CCLE column SRC (6714)
GDPD5	81544	matched_entrez			False	CCLE column GDPD5 (81544)
PLCB3	5331	matched_entrez			False	CCLE column PLCB3 (5331)
TBX2	6909	matched_entrez			False	CCLE column TBX2 (6909)
APBB2	323	matched_entrez			False	CCLE column APBB2 (323)
FCHO1	23149	matched_entrez			False	CCLE column FCHO1 (23149)
FAM69A	388650	matched_entrez			False	CCLE column DIPK1A (388650)
ASAH1	427	matched_entrez			False	CCLE column ASAH1 (427)
SMARCA4	6597	matched_entrez			False	CCLE column SMARCA4 (6597)
SOX2	6657	matched_entrez			False	CCLE column SOX2 (6657)
HOXA5	3202	matched_entrez			False	CCLE column HOXA5 (3202)
TMEM110	375346	matched_entrez			False	CCLE column STIMATE (375346)
ATP5S	27109	matched_entrez			False	CCLE column DMAC2L (27109)
TBC1D31	93594	matched_entrez			False	CCLE column TBC1D31 (93594)
NFKBIB	4793	matched_entrez			False	CCLE column NFKBIB (4793)
CTTN	2017	matched_entrez			False	CCLE column CTTN (2017)
PARP2	10038	matched_entrez			False	CCLE column PARP2 (10038)
AKR7A2	8574	matched_entrez			False	CCLE column AKR7A2 (8574)
ACAA1	30	matched_entrez			False	CCLE column ACAA1 (30)
SPDEF	25803	matched_entrez			False	CCLE column SPDEF (25803)
RALA	5898	matched_entrez			False	CCLE column RALA (5898)
ETS1	2113	matched_entrez			False	CCLE column ETS1 (2113)
CCNB1	891	matched_entrez			False	CCLE column CCNB1 (891)
ZNF131	7690	matched_entrez			False	CCLE column ZNF131 (7690)
FEZ2	9637	matched_entrez			False	CCLE column FEZ2 (9637)
NSDHL	50814	matched_entrez			False	CCLE column NSDHL (50814)
DNM1	1759	matched_entrez			False	CCLE column DNM1 (1759)
UBQLN2	29978	matched_entrez			False	CCLE column UBQLN2 (29978)
MAST2	23139	matched_entrez			False	CCLE column MAST2 (23139)
TRIM2	23321	matched_entrez			False	CCLE column TRIM2 (23321)
IGHMBP2	3508	matched_entrez			False	CCLE column IGHMBP2 (3508)
NR3C1	2908	matched_entrez			False	CCLE column NR3C1 (2908)
PPP1R13B	23368	matched_entrez			False	CCLE column PPP1R13B (23368)
CCL2	6347	matched_entrez			False	CCLE column CCL2 (6347)
ERBB2	2064	matched_entrez			False	CCLE column ERBB2 (2064)
RRP12	23223	matched_entrez			False	CCLE column RRP12 (23223)
HOMER2	9455	matched_entrez			False	CCLE column HOMER2 (9455)
VDAC1	7416	matched_entrez			False	CCLE column VDAC1 (7416)
HERPUD1	9709	matched_entrez			False	CCLE column HERPUD1 (9709)
GAPDH	2597	matched_entrez			False	CCLE column GAPDH (2597)
HLA-DMA	3108	matched_entrez			False	CCLE column HLA-DMA (3108)
IDE	3416	matched_entrez			False	CCLE column IDE (3416)
NGRN	51335	matched_entrez			False	CCLE column NGRN (51335)
CNDP2	55748	matched_entrez			False	CCLE column CNDP2 (55748)
TM9SF3	56889	matched_entrez			False	CCLE column TM9SF3 (56889)
ADI1	55256	matched_entrez			False	CCLE column ADI1 (55256)
RAB31	11031	matched_entrez			False	CCLE column RAB31 (11031)
TMEM50A	23585	matched_entrez			False	CCLE column TMEM50A (23585)
HACD3	51495	matched_entrez			False	CCLE column HACD3 (51495)
YKT6	10652	matched_entrez			False	CCLE column YKT6 (10652)
SNX6	58533	matched_entrez			False	CCLE column SNX6 (58533)
BZW2	28969	matched_entrez			False	CCLE column BZW2 (28969)
UBE2J1	51465	matched_entrez			False	CCLE column UBE2J1 (51465)
EVL	51466	matched_entrez			False	CCLE column EVL (51466)
BACE2	25825	matched_entrez			False	CCLE column BACE2 (25825)
MIF	4282	matched_entrez			False	CCLE column MIF (4282)
PIH1D1	55011	matched_entrez			False	CCLE column PIH1D1 (55011)
CAB39	51719	matched_entrez			False	CCLE column CAB39 (51719)
IARS2	55699	matched_entrez			False	CCLE column IARS2 (55699)
DSG2	1829	matched_entrez			False	CCLE column DSG2 (1829)
KLHDC2	23588	matched_entrez			False	CCLE column KLHDC2 (23588)
BAG3	9531	matched_entrez			False	CCLE column BAG3 (9531)
CNPY3	10695	matched_entrez			False	CCLE column CNPY3 (10695)
LAP3	51056	matched_entrez			False	CCLE column LAP3 (51056)
STUB1	10273	matched_entrez			False	CCLE column STUB1 (10273)
NOSIP	51070	matched_entrez			False	CCLE column NOSIP (51070)
ENOPH1	58478	matched_entrez			False	CCLE column ENOPH1 (58478)
HSD17B11	51170	matched_entrez			False	CCLE column HSD17B11 (51170)
SQRDL	58472	matched_entrez			False	CCLE column SQOR (58472)
MRPS2	51116	matched_entrez			False	CCLE column MRPS2 (51116)
NUP85	79902	matched_entrez			False	CCLE column NUP85 (79902)
FIS1	51024	matched_entrez			False	CCLE column FIS1 (51024)
NUSAP1	51203	matched_entrez			False	CCLE column NUSAP1 (51203)
MRPS16	51021	matched_entrez			False	CCLE column MRPS16 (51021)
UFM1	51569	matched_entrez			False	CCLE column UFM1 (51569)
NT5DC2	64943	matched_entrez			False	CCLE column NT5DC2 (64943)
AKAP8L	26993	matched_entrez			False	CCLE column AKAP8L (26993)
NPDC1	56654	matched_entrez			False	CCLE column NPDC1 (56654)
ANKRD10	55608	matched_entrez			False	CCLE column ANKRD10 (55608)
DERA	51071	matched_entrez			False	CCLE column DERA (51071)
TEX10	54881	matched_entrez			False	CCLE column TEX10 (54881)
UBR7	55148	matched_entrez			False	CCLE column UBR7 (55148)
TMEM2	23670	matched_entrez			False	CCLE column CEMIP2 (23670)
TRIB3	57761	matched_entrez			False	CCLE column TRIB3 (57761)
ZNF395	55893	matched_entrez			False	CCLE column ZNF395 (55893)
ADCK3	56997	matched_entrez			False	CCLE column COQ8A (56997)
ISOC1	51015	matched_entrez			False	CCLE column ISOC1 (51015)
CCDC92	80212	matched_entrez			False	CCLE column CCDC92 (80212)
GOLT1B	51026	matched_entrez			False	CCLE column GOLT1B (51026)
SCAND1	51282	matched_entrez			False	CCLE column SCAND1 (51282)
NR1H2	7376	matched_entrez			False	CCLE column NR1H2 (7376)
TSKU	25987	matched_entrez			False	CCLE column TSKU (25987)
ZDHHC6	64429	matched_entrez			False	CCLE column ZDHHC6 (64429)
PLEKHJ1	55111	matched_entrez			False	CCLE column PLEKHJ1 (55111)
PRKAG2	51422	matched_entrez			False	CCLE column PRKAG2 (51422)
TIMM9	26520	matched_entrez			False	CCLE column TIMM9 (26520)
SESN1	27244	matched_entrez			False	CCLE column SESN1 (27244)
GMNN	51053	matched_entrez			False	CCLE column GMNN (51053)
CRELD2	79174	matched_entrez			False	CCLE column CRELD2 (79174)
NUDT9	53343	matched_entrez			False	CCLE column NUDT9 (53343)
CDCA4	55038	matched_entrez			False	CCLE column CDCA4 (55038)
NENF	29937	matched_entrez			False	CCLE column NENF (29937)
CERK	64781	matched_entrez			False	CCLE column CERK (64781)
DNAJC15	29103	matched_entrez			False	CCLE column DNAJC15 (29103)
HEBP1	50865	matched_entrez			False	CCLE column HEBP1 (50865)
DNMT3A	1788	matched_entrez			False	CCLE column DNMT3A (1788)
KCTD5	54442	matched_entrez			False	CCLE column KCTD5 (54442)
ERO1A	30001	matched_entrez			False	CCLE column ERO1A (30001)
CD320	51293	matched_entrez			False	CCLE column CD320 (51293)
DHDDS	79947	matched_entrez			False	CCLE column DHDDS (79947)
CHMP4A	29082	matched_entrez			False	CCLE column CHMP4A (29082)
ABHD4	63874	matched_entrez			False	CCLE column ABHD4 (63874)
TCTN1	79600	matched_entrez			False	CCLE column TCTN1 (79600)
HEATR1	55127	matched_entrez			False	CCLE column HEATR1 (55127)
CISD1	55847	matched_entrez			False	CCLE column CISD1 (55847)
SUV39H1	6839	matched_entrez			False	CCLE column SUV39H1 (6839)
VPS28	51160	matched_entrez			False	CCLE column VPS28 (51160)
EXOSC4	54512	matched_entrez			False	CCLE column EXOSC4 (54512)
NARFL	64428	matched_entrez			False	CCLE column CIAO3 (64428)
CHMP6	79643	matched_entrez			False	CCLE column CHMP6 (79643)
PACSIN3	29763	matched_entrez			False	CCLE column PACSIN3 (29763)
KIF20A	10112	matched_entrez			False	CCLE column KIF20A (10112)
HOOK2	29911	matched_entrez			False	CCLE column HOOK2 (29911)
TXNL4B	54957	matched_entrez			False	CCLE column TXNL4B (54957)
VAV3	10451	matched_entrez			False	CCLE column VAV3 (10451)
SLC35F2	54733	matched_entrez			False	CCLE column SLC35F2 (54733)
DUSP22	56940	matched_entrez			False	CCLE column DUSP22 (56940)
IGF2BP2	10644	matched_entrez			False	CCLE column IGF2BP2 (10644)
PPP2R3C	55012	matched_entrez			False	CCLE column PPP2R3C (55012)
TNFRSF21	27242	matched_entrez			False	CCLE column TNFRSF21 (27242)
FAM57A	79850	matched_entrez			False	CCLE column TLCD3A (79850)
NOTCH1	4851	matched_entrez			False	CCLE column NOTCH1 (4851)
ANO10	55129	matched_entrez			False	CCLE column ANO10 (55129)
PNKP	11284	matched_entrez			False	CCLE column PNKP (11284)
EDN1	1906	matched_entrez			False	CCLE column EDN1 (1906)
FASTKD5	60493	matched_entrez			False	CCLE column FASTKD5 (60493)
METRN	79006	matched_entrez			False	CCLE column METRN (79006)
LAGE3	8270	matched_entrez			False	CCLE column LAGE3 (8270)
PXMP2	5827	matched_entrez			False	CCLE column PXMP2 (5827)
AMDHD2	51005	matched_entrez			False	CCLE column AMDHD2 (51005)
PRR15L	79170	matched_entrez			False	CCLE column PRR15L (79170)
FSD1	79187	matched_entrez			False	CCLE column FSD1 (79187)
TIMM22	29928	matched_entrez			False	CCLE column TIMM22 (29928)
FBXO11	80204	matched_entrez			False	CCLE column FBXO11 (80204)
RBKS	64080	matched_entrez			False	CCLE column RBKS (64080)
CHAC1	79094	matched_entrez			False	CCLE column CHAC1 (79094)
MSRA	4482	matched_entrez			False	CCLE column MSRA (4482)
HERC6	55008	matched_entrez			False	CCLE column HERC6 (55008)
MTERF3	51001	matched_entrez			False	CCLE column MTERF3 (51001)
ADAT1	23536	matched_entrez			False	CCLE column ADAT1 (23536)
FKBP14	55033	matched_entrez			False	CCLE column FKBP14 (55033)
PAK6	56924	matched_entrez			False	CCLE column PAK6 (56924)
PSMD10	5716	matched_entrez			False	CCLE column PSMD10 (5716)
CHIC2	26511	matched_entrez			False	CCLE column CHIC2 (26511)
LRRC16A	55604	matched_entrez			False	CCLE column CARMIL1 (55604)
TSEN2	80746	matched_entrez			False	CCLE column TSEN2 (80746)
ZNF586	54807	matched_entrez			False	CCLE column ZNF586 (54807)
PRR7	80758	matched_entrez			False	CCLE column PRR7 (80758)
GFOD1	54438	matched_entrez			False	CCLE column GFOD1 (54438)
SPAG4	6676	matched_entrez			False	CCLE column SPAG4 (6676)
MCOLN1	57192	matched_entrez			False	CCLE column MCOLN1 (57192)
ZNF589	51385	matched_entrez			False	CCLE column ZNF589 (51385)
SLC2A6	11182	matched_entrez			False	CCLE column SLC2A6 (11182)
MCUR1	63933	matched_entrez			False	CCLE column MCUR1 (63933)
FBXL12	54850	matched_entrez			False	CCLE column FBXL12 (54850)
SNX11	29916	matched_entrez			False	CCLE column SNX11 (29916)
FAIM	55179	matched_entrez			False	CCLE column FAIM (55179)
GTPBP8	29083	matched_entrez			False	CCLE column GTPBP8 (29083)
TLR4	7099	matched_entrez			False	CCLE column TLR4 (7099)
DENND2D	79961	matched_entrez			False	CCLE column DENND2D (79961)
PECR	55825	matched_entrez			False	CCLE column PECR (55825)
ARID4B	51742	matched_entrez			False	CCLE column ARID4B (51742)
FRS2	10818	matched_entrez			False	CCLE column FRS2 (10818)
ITFG1	81533	matched_entrez			False	CCLE column ITFG1 (81533)
BNIP3L	665	matched_entrez			False	CCLE column BNIP3L (665)
ARPP19	10776	matched_entrez			False	CCLE column ARPP19 (10776)
ATG3	64422	matched_entrez			False	CCLE column ATG3 (64422)
UTP14A	10813	matched_entrez			False	CCLE column UTP14A (10813)
WDR61	80349	matched_entrez			False	CCLE column SKIC8 (80349)
EIF4EBP1	1978	matched_entrez			False	CCLE column EIF4EBP1 (1978)
GRWD1	83743	matched_entrez			False	CCLE column GRWD1 (83743)
ABHD6	57406	matched_entrez			False	CCLE column ABHD6 (57406)
SIRT3	23410	matched_entrez			False	CCLE column SIRT3 (23410)
NOL3	8996	matched_entrez			False	CCLE column NOL3 (8996)
STAP2	55620	matched_entrez			False	CCLE column STAP2 (55620)
ACOT9	23597	matched_entrez			False	CCLE column ACOT9 (23597)
CANT1	124583	matched_entrez			False	CCLE column CANT1 (124583)
YTHDF1	54915	matched_entrez			False	CCLE column YTHDF1 (54915)
HMGCS1	3157	matched_entrez			False	CCLE column HMGCS1 (3157)
MICALL1	85377	matched_entrez			False	CCLE column MICALL1 (85377)
FAM63A	55793	matched_entrez			False	CCLE column MINDY1 (55793)
ATF1	466	matched_entrez			False	CCLE column ATF1 (466)
P4HTM	54681	matched_entrez			False	CCLE column P4HTM (54681)
SLC27A3	11000	matched_entrez			False	CCLE column SLC27A3 (11000)
TBXA2R	6915	matched_entrez			False	CCLE column TBXA2R (6915)
RTN2	6253	matched_entrez			False	CCLE column RTN2 (6253)
TSTA3	7264	matched_entrez			False	CCLE column GFUS (7264)
PPARD	5467	matched_entrez			False	CCLE column PPARD (5467)
GNA11	2767	matched_entrez			False	CCLE column GNA11 (2767)
WDTC1	23038	matched_entrez			False	CCLE column WDTC1 (23038)
PLSCR3	57048	matched_entrez			False	CCLE column PLSCR3 (57048)
NPEPL1	79716	matched_entrez			False	CCLE column NPEPL1 (79716)
