cell_line	mark	total_ids_checked	dominant_cvcl_raw_count	dominant_count	corrected_dominant_cvcl	corrected_dominant_score	all_distinct_cvcl_accessions	contaminating_extra_cvcl	classification	evidence	needs_overseer_decision
A375	ATAC-seq	2	CVCL:0132	2	CVCL:0132	1.994	['CVCL:0132']	[]	METADATA_ARTIFACT	Single CVCL accession — no conflict	False
A375	H3K27ac	6	CVCL:0132	6	CVCL:0132	5.493	['CVCL:0132']	[]	METADATA_ARTIFACT	Single CVCL accession — no conflict	False
AGS	H3K27ac	2	CVCL:0139	2	CVCL:0139	1.817	['CVCL:0139', 'CVCL:E025']	['PAE-iPS-4 (CVCL:E025)']	METADATA_ARTIFACT	PAE-iPS-4 (CVCL:E025): iPSC with 'Cancer' Cellosaurus synonym — known parser false-positive	False
ASC	ATAC-seq	13	none	0	none	0.0	[]	[]	METADATA_ARTIFACT	No CVCL ontology entries — zero-CVCL row	False
CD34	ATAC-seq	20	none	0	none	0.0	[]	[]	METADATA_ARTIFACT	No CVCL ontology entries — zero-CVCL row	False
CD34	H3K27ac	4	none	0	none	0.0	[]	[]	METADATA_ARTIFACT	No CVCL ontology entries — zero-CVCL row	False
CD34	H3K27me3	14	none	0	none	0.0	[]	[]	METADATA_ARTIFACT	No CVCL ontology entries — zero-CVCL row	False
H1299	H3K27ac	5	CVCL:XB25	5	CVCL:XB25	3.715	['CVCL:0060', 'CVCL:XB25']	['NCI-H1299 (CVCL:0060)']	METADATA_ARTIFACT	NCI-H1299 (CVCL:0060): dominant CVCL:XB25 has CVCL:0060 in its ancestry at hop 1 (parent/ancestor co-tagged with subclone dominant)	False
H1299	H3K27me3	11	CVCL:0060	11	CVCL:0060	9.266	['CVCL:0060', 'CVCL:XB25']	['NCI-H1299-EGFP (CVCL:XB25)']	METADATA_ARTIFACT	NCI-H1299-EGFP (CVCL:XB25): dominant CVCL:0060 found in ancestry chain at hop 1 (subclone/descendant of dominant)	False
HCC15	H3K27ac	4	CVCL:1256	4	CVCL:1256	3.996	['CVCL:1256']	[]	METADATA_ARTIFACT	Single CVCL accession — no conflict	False
HCC15	H3K27me3	4	CVCL:1256	4	CVCL:1256	3.996	['CVCL:1256']	[]	METADATA_ARTIFACT	Single CVCL accession — no conflict	False
HEK293T	ATAC-seq	53	CVCL:0063	53	CVCL:0063	52.745	['CVCL:0023', 'CVCL:0063', 'CVCL:0120', 'CVCL:0594']	['A-549 (CVCL:0023)', '3T3-Swiss albino (CVCL:0120)', 'NIH 3T3 (CVCL:0594)']	GENUINE_CONTAMINATION	A-549 (CVCL:0023) (category=Cancer cell line): independently established; no derived-from ancestry relationship to dominant CVCL:0063; score 0.997 vs dominant 52.745; 3T3-Swiss albino (CVCL:0120) (category=Spontaneously immortalized cell line): independently established; no derived-from ancestry relationship to dominant CVCL:0063; score 0.999 vs dominant 52.745; NIH 3T3 (CVCL:0594) (category=Spontaneously immortalized cell line): independently established; no derived-from ancestry relationship to dominant CVCL:0063; score 0.999 vs dominant 52.745	True
HEK293T	H3K27ac	3	CVCL:0063	3	CVCL:0063	2.606	['CVCL:0045', 'CVCL:0063', 'CVCL:M624']	['HEK293 (CVCL:0045)', 'HEK (CVCL:M624)']	GENUINE_CONTAMINATION	HEK (CVCL:M624) (category=Cancer cell line): independently established; no derived-from ancestry relationship to dominant CVCL:0063; score 1.689 vs dominant 2.606; HEK293 (CVCL:0045): dominant CVCL:0063 has CVCL:0045 in its ancestry at hop 1 (parent/ancestor co-tagged with subclone dominant)	True
HEK293T	H3K27me3	4	CVCL:0063	4	CVCL:0063	3.983	['CVCL:0063']	[]	METADATA_ARTIFACT	Single CVCL accession — no conflict	False
HELA	ATAC-seq	20	CVCL:0030	19	CVCL:0030	16.56	['CVCL:0030', 'CVCL:0058']	['HeLa S3 (CVCL:0058)']	METADATA_ARTIFACT	HeLa S3 (CVCL:0058): dominant CVCL:0030 found in ancestry chain at hop 1 (subclone/descendant of dominant)	False
HELA	H3K27ac	26	CVCL:0030	26	CVCL:0030	25.122	['CVCL:0030', 'CVCL:0058', 'CVCL:1922']	['HeLa S3 (CVCL:0058)', 'HeLa Kyoto (CVCL:1922)']	METADATA_ARTIFACT	HeLa S3 (CVCL:0058): dominant CVCL:0030 found in ancestry chain at hop 1 (subclone/descendant of dominant); HeLa Kyoto (CVCL:1922): dominant CVCL:0030 found in ancestry chain at hop 1 (subclone/descendant of dominant)	False
HELA	H3K27me3	13	CVCL:0030	13	CVCL:0030	12.682	['CVCL:0030', 'CVCL:0058', 'CVCL:1922']	['HeLa Kyoto (CVCL:1922)', 'HeLa S3 (CVCL:0058)']	METADATA_ARTIFACT	HeLa Kyoto (CVCL:1922): dominant CVCL:0030 found in ancestry chain at hop 1 (subclone/descendant of dominant); HeLa S3 (CVCL:0058): dominant CVCL:0030 found in ancestry chain at hop 1 (subclone/descendant of dominant)	False
HL60	ATAC-seq	9	CVCL:0002	9	CVCL:0002	8.681	['CVCL:0002', 'CVCL:7526']	['GM12878 (CVCL:7526)']	GENUINE_CONTAMINATION	GM12878 (CVCL:7526) (category=Transformed cell line): independently established; no derived-from ancestry relationship to dominant CVCL:0002; score 0.973 vs dominant 8.681	True
HME1	ATAC-seq	12	CVCL:3383	12	CVCL:3383	10.767	['CVCL:3383']	[]	METADATA_ARTIFACT	Single CVCL accession — no conflict	False
HS27A	ATAC-seq	1	CVCL:3719	1	CVCL:3719	0.953	['CVCL:3719']	[]	METADATA_ARTIFACT	Single CVCL accession — no conflict	False
HT29	ATAC-seq	1	CVCL:0320	1	CVCL:0320	0.986	['CVCL:0320', 'CVCL:A8EZ']	['HT29 (CVCL:A8EZ)']	METADATA_ARTIFACT	HT29 (CVCL:A8EZ): Hybridoma (antibody-source conflation)	False
HT29	H3K27ac	12	CVCL:0320	12	CVCL:0320	9.583	['CVCL:0320', 'CVCL:A8EZ']	['HT29 (CVCL:A8EZ)']	METADATA_ARTIFACT	HT29 (CVCL:A8EZ): Hybridoma (antibody-source conflation)	False
HUH7	ATAC-seq	2	CVCL:7927	1	CVCL:7927	0.969	['CVCL:0336', 'CVCL:7927']	['Huh-7 (CVCL:0336)']	METADATA_ARTIFACT	Huh-7 (CVCL:0336): dominant CVCL:7927 has CVCL:0336 in its ancestry at hop 1 (parent/ancestor co-tagged with subclone dominant)	False
HUH7	H3K27ac	4	CVCL:0336	4	CVCL:0336	3.499	['CVCL:0336']	[]	METADATA_ARTIFACT	Single CVCL accession — no conflict	False
HUVEC	ATAC-seq	6	CVCL:2959	6	CVCL:2959	5.819	['CVCL:2959']	[]	METADATA_ARTIFACT	Single CVCL accession — no conflict	False
HUVEC	H3K27ac	18	CVCL:2959	18	CVCL:2959	15.669	['CVCL:2959']	[]	METADATA_ARTIFACT	Single CVCL accession — no conflict	False
HUVEC	H3K27me3	3	CVCL:2959	3	CVCL:2959	2.87	['CVCL:2959']	[]	METADATA_ARTIFACT	Single CVCL accession — no conflict	False
JURKAT	ATAC-seq	14	CVCL:0065	14	CVCL:0065	10.5	['CVCL:0065']	[]	METADATA_ARTIFACT	Single CVCL accession — no conflict	False
JURKAT	H3K27ac	10	CVCL:0065	10	CVCL:0065	9.515	['CVCL:0065', 'CVCL:1667']	['RPMI-8402 (CVCL:1667)']	GENUINE_CONTAMINATION	RPMI-8402 (CVCL:1667) (category=Cancer cell line): independently established; no derived-from ancestry relationship to dominant CVCL:0065; score 0.996 vs dominant 9.515	True
JURKAT	H3K27me3	12	CVCL:0065	12	CVCL:0065	10.676	['CVCL:0065', 'CVCL:0367', 'CVCL:F736', 'CVCL:VQ63']	['Jurkat E6.1 (CVCL:0367)', 'TS/A (CVCL:F736)', 'TS/A-pc (CVCL:VQ63)']	GENUINE_CONTAMINATION	TS/A (CVCL:F736) (category=Cancer cell line): independently established; no derived-from ancestry relationship to dominant CVCL:0065; score 1.432 vs dominant 10.676; TS/A-pc (CVCL:VQ63) (category=Cancer cell line): independently established; no derived-from ancestry relationship to dominant CVCL:0065; score 1.528 vs dominant 10.676; Jurkat E6.1 (CVCL:0367): dominant CVCL:0065 found in ancestry chain at hop 1 (subclone/descendant of dominant)	True
LNCAP	ATAC-seq	50	CVCL:0395	48	CVCL:0395	41.684	['CVCL:0395', 'CVCL:D142', 'CVCL:F736', 'CVCL:VQ63', 'CVCL:ZC87']	['1F5 (CVCL:D142)', 'TS/A (CVCL:F736)', 'TS/A-pc (CVCL:VQ63)', 'LNCaP-95 (CVCL:ZC87)']	GENUINE_CONTAMINATION	TS/A (CVCL:F736) (category=Cancer cell line): independently established; no derived-from ancestry relationship to dominant CVCL:0395; score 2.544 vs dominant 41.684; TS/A-pc (CVCL:VQ63) (category=Cancer cell line): independently established; no derived-from ancestry relationship to dominant CVCL:0395; score 2.655 vs dominant 41.684; 1F5 (CVCL:D142): Hybridoma (antibody-source conflation); LNCaP-95 (CVCL:ZC87): dominant CVCL:0395 found in ancestry chain at hop 2 (subclone/descendant of dominant)	True
LNCAP	H3K27ac	42	CVCL:0395	36	CVCL:0395	29.747	['CVCL:0395', 'CVCL:4784', 'CVCL:4793']	['LNCaP-abl (CVCL:4793)', 'LNCaP C4-2B (CVCL:4784)']	METADATA_ARTIFACT	LNCaP-abl (CVCL:4793): dominant CVCL:0395 found in ancestry chain at hop 1 (subclone/descendant of dominant); LNCaP C4-2B (CVCL:4784): dominant CVCL:0395 found in ancestry chain at hop 3 (subclone/descendant of dominant)	False
LNCAP	H3K27me3	18	CVCL:0395	16	CVCL:0395	14.784	['CVCL:0395', 'CVCL:4793']	['LNCaP-abl (CVCL:4793)']	METADATA_ARTIFACT	LNCaP-abl (CVCL:4793): dominant CVCL:0395 found in ancestry chain at hop 1 (subclone/descendant of dominant)	False
LOVO	ATAC-seq	1	CVCL:0399	1	CVCL:0399	0.976	['CVCL:0399']	[]	METADATA_ARTIFACT	Single CVCL accession — no conflict	False
LOVO	H3K27ac	1	CVCL:0399	1	CVCL:0399	0.976	['CVCL:0399']	[]	METADATA_ARTIFACT	Single CVCL accession — no conflict	False
MCF10A	ATAC-seq	24	CVCL:0598	24	CVCL:0598	22.406	['CVCL:0598']	[]	METADATA_ARTIFACT	Single CVCL accession — no conflict	False
MCF10A	H3K27ac	34	CVCL:0598	34	CVCL:0598	28.11	['CVCL:0598']	[]	METADATA_ARTIFACT	Single CVCL accession — no conflict	False
MCF10A	H3K27me3	16	CVCL:0598	16	CVCL:0598	14.799	['CVCL:0598', 'CVCL:E778']	['MLF (CVCL:E778)']	GENUINE_CONTAMINATION	MLF (CVCL:E778) (category=Transformed cell line): independently established; no derived-from ancestry relationship to dominant CVCL:0598; score 1.799 vs dominant 14.799	True
MDAMB231	ATAC-seq	16	CVCL:0062	16	CVCL:0062	13.051	['CVCL:0062', 'CVCL:L524']	['Hybridoma 231 (CVCL:L524)']	METADATA_ARTIFACT	Hybridoma 231 (CVCL:L524): Hybridoma (antibody-source conflation)	False
MDAMB231	H3K27ac	22	CVCL:0062	22	CVCL:0062	18.691	['CVCL:0031', 'CVCL:0062', 'CVCL:L524']	['Hybridoma 231 (CVCL:L524)', 'MCF-7 (CVCL:0031)']	GENUINE_CONTAMINATION	MCF-7 (CVCL:0031) (category=Cancer cell line): independently established; no derived-from ancestry relationship to dominant CVCL:0062; score 0.997 vs dominant 18.691; Hybridoma 231 (CVCL:L524): Hybridoma (antibody-source conflation)	True
MDAMB231	H3K27me3	18	CVCL:0062	18	CVCL:0062	17.364	['CVCL:0031', 'CVCL:0062', 'CVCL:L524']	['Hybridoma 231 (CVCL:L524)', 'MCF-7 (CVCL:0031)']	GENUINE_CONTAMINATION	MCF-7 (CVCL:0031) (category=Cancer cell line): independently established; no derived-from ancestry relationship to dominant CVCL:0062; score 0.948 vs dominant 17.364; Hybridoma 231 (CVCL:L524): Hybridoma (antibody-source conflation)	True
NEU	ATAC-seq	2	none	0	none	0.0	[]	[]	METADATA_ARTIFACT	No CVCL ontology entries — zero-CVCL row	False
NPC	H3K27ac	6	CVCL:9771	5	CVCL:9771	3.99	['CVCL:7047', 'CVCL:7084', 'CVCL:9771']	['NPC/HK1 (CVCL:7084)', 'HK-1 (CVCL:7047)']	GENUINE_CONTAMINATION	NPC/HK1 (CVCL:7084) (category=Cancer cell line): independently established; no derived-from ancestry relationship to dominant CVCL:9771; score 0.972 vs dominant 3.99; HK-1 (CVCL:7047) (category=Cancer cell line): independently established; no derived-from ancestry relationship to dominant CVCL:9771; score 0.951 vs dominant 3.99	True
NPC	H3K27me3	4	CVCL:9771	4	CVCL:9771	3.192	['CVCL:9771']	[]	METADATA_ARTIFACT	Single CVCL accession — no conflict	False
PHH	H3K27me3	2	none	0	none	0.0	[]	[]	METADATA_ARTIFACT	No CVCL ontology entries — zero-CVCL row	False
RKO	ATAC-seq	1	CVCL:0504	1	CVCL:0504	0.951	['CVCL:0504']	[]	METADATA_ARTIFACT	Single CVCL accession — no conflict	False
RKO	H3K27ac	1	CVCL:0504	1	CVCL:0504	0.951	['CVCL:0504']	[]	METADATA_ARTIFACT	Single CVCL accession — no conflict	False
RMGI	H3K27ac	3	CVCL:1662	3	CVCL:1662	2.826	['CVCL:1662']	[]	METADATA_ARTIFACT	Single CVCL accession — no conflict	False
SKBR3	ATAC-seq	3	CVCL:0033	3	CVCL:0033	2.997	['CVCL:0033']	[]	METADATA_ARTIFACT	Single CVCL accession — no conflict	False
SKBR3	H3K27ac	2	CVCL:0033	2	CVCL:0033	1.932	['CVCL:0033']	[]	METADATA_ARTIFACT	Single CVCL accession — no conflict	False
SKBR3	H3K27me3	3	CVCL:0033	3	CVCL:0033	2.926	['CVCL:0033', 'CVCL:E025']	['PAE-iPS-4 (CVCL:E025)']	METADATA_ARTIFACT	PAE-iPS-4 (CVCL:E025): iPSC with 'Cancer' Cellosaurus synonym — known parser false-positive	False
SKM1	H3K27ac	8	CVCL:0098	8	CVCL:0098	7.624	['CVCL:0098']	[]	METADATA_ARTIFACT	Single CVCL accession — no conflict	False
SKM1	H3K27me3	8	CVCL:0098	8	CVCL:0098	7.624	['CVCL:0098']	[]	METADATA_ARTIFACT	Single CVCL accession — no conflict	False
SKMEL1	ATAC-seq	1	none	0	none	0.0	[]	[]	METADATA_ARTIFACT	No CVCL ontology entries — zero-CVCL row	False
SKMEL1	H3K27ac	1	none	0	none	0.0	[]	[]	METADATA_ARTIFACT	No CVCL ontology entries — zero-CVCL row	False
SKMEL1	H3K27me3	1	none	0	none	0.0	[]	[]	METADATA_ARTIFACT	No CVCL ontology entries — zero-CVCL row	False
SKMEL28	H3K27me3	1	CVCL:0526	1	CVCL:0526	0.999	['CVCL:0526', 'CVCL:2111']	['MEL-745A cl. DS19 (CVCL:2111)']	GENUINE_CONTAMINATION	MEL-745A cl. DS19 (CVCL:2111) (category=Cancer cell line): independently established; no derived-from ancestry relationship to dominant CVCL:0526; score 0.982 vs dominant 0.999	True
SW480	ATAC-seq	2	CVCL:0546	2	CVCL:0546	1.982	['CVCL:0546', 'CVCL:AT67']	['SW480E (CVCL:AT67)']	METADATA_ARTIFACT	SW480E (CVCL:AT67): dominant CVCL:0546 found in ancestry chain at hop 1 (subclone/descendant of dominant)	False
SW480	H3K27ac	4	CVCL:0546	4	CVCL:0546	3.862	['CVCL:0546', 'CVCL:AT67', 'CVCL:E025']	['SW480E (CVCL:AT67)', 'PAE-iPS-4 (CVCL:E025)']	METADATA_ARTIFACT	SW480E (CVCL:AT67): dominant CVCL:0546 found in ancestry chain at hop 1 (subclone/descendant of dominant); PAE-iPS-4 (CVCL:E025): iPSC with 'Cancer' Cellosaurus synonym — known parser false-positive	False
SW620	H3K27ac	1	CVCL:0547	1	CVCL:0547	0.991	['CVCL:0547']	[]	METADATA_ARTIFACT	Single CVCL accession — no conflict	False
THP1	ATAC-seq	16	CVCL:0006	16	CVCL:0006	15.072	['CVCL:0006']	[]	METADATA_ARTIFACT	Single CVCL accession — no conflict	False
THP1	H3K27ac	20	CVCL:0006	20	CVCL:0006	19.485	['CVCL:0006', 'CVCL:5U28', 'CVCL:DI50', 'CVCL:J013', 'CVCL:VN72', 'CVCL:XK55']	['PAb 414 (CVCL:XK55)', 'L-14 (CVCL:J013)', 'OARSAi007-A (CVCL:VN72)', 'ML14 (CVCL:DI50)', 'L.14 (CVCL:5U28)']	GENUINE_CONTAMINATION	ML14 (CVCL:DI50) (category=Transformed cell line): independently established; no derived-from ancestry relationship to dominant CVCL:0006; score 0.632 vs dominant 19.485; OARSAi007-A (CVCL:VN72): iPSC co-tagged on non-iPSC sample; no 'Cancer' synonym; L.14 (CVCL:5U28): category='Factor-dependent cell line', no ancestry relationship; score 0.716 vs dominant 19.485; PAb 414 (CVCL:XK55): Hybridoma (antibody-source conflation); L-14 (CVCL:J013): Hybridoma (antibody-source conflation)	True
U266	ATAC-seq	1	CVCL:0566	1	CVCL:0566	0.986	['CVCL:0566']	[]	METADATA_ARTIFACT	Single CVCL accession — no conflict	False
U937	ATAC-seq	2	CVCL:0007	2	CVCL:0007	1.884	['CVCL:0007']	[]	METADATA_ARTIFACT	Single CVCL accession — no conflict	False
VCAP	H3K27me3	3	CVCL:2235	3	CVCL:2235	2.905	['CVCL:2235']	[]	METADATA_ARTIFACT	Single CVCL accession — no conflict	False
WSUDLCL2	H3K27me3	1	CVCL:1902	1	CVCL:1902	1.0	['CVCL:1902']	[]	METADATA_ARTIFACT	Single CVCL accession — no conflict	False
