gene_idx	symbol	entrez	ensp
0	DDR1	780	9606.ENSP00000427552
1	PAX8	7849	9606.ENSP00000263334
2	RPS5	6193	9606.ENSP00000472985
3	ABCF1	23	9606.ENSP00000313603
4	SPAG7	9552	9606.ENSP00000206020
5	RHOA	387	9606.ENSP00000400175
6	RNPS1	10921	9606.ENSP00000457723
7	SMNDC1	10285	9606.ENSP00000358616
8	ATP6V0B	533	9606.ENSP00000434729
9	RPS6	6194	9606.ENSP00000369757
10	USP22	23326	9606.ENSP00000261497
11	APP	351	9606.ENSP00000284981
12	CLTC	1213	9606.ENSP00000479606
13	MLEC	9761	9606.ENSP00000228506
14	CSRP1	1465	9606.ENSP00000356275
15	CALM3	808	9606.ENSP00000291295
16	PTPRF	5792	9606.ENSP00000353030
17	DNAJB1	3337	9606.ENSP00000254322
18	XBP1	7494	9606.ENSP00000216037
19	GRN	2896	9606.ENSP00000053867
20	HK1	3098	9606.ENSP00000494664
21	KDELR2	11014	9606.ENSP00000258739
22	SKP1	6500	9606.ENSP00000231487
23	CAPN1	823	9606.ENSP00000431984
24	CALU	813	9606.ENSP00000438248
25	CTSD	1509	9606.ENSP00000236671
26	MAT2A	4144	9606.ENSP00000303147
27	STMN1	3925	9606.ENSP00000410452
28	ECH1	1891	9606.ENSP00000221418
29	IQGAP1	8826	9606.ENSP00000268182
30	HSPA1A	3303	9606.ENSP00000364802
31	HSPD1	3329	9606.ENSP00000340019
32	CIRBP	1153	9606.ENSP00000466025
33	PSME1	5720	9606.ENSP00000372155
34	PAFAH1B1	5048	9606.ENSP00000380378
35	HYOU1	10525	9606.ENSP00000480150
36	PSMD2	5708	9606.ENSP00000310129
37	EPRS	2058	
38	PSMD4	5710	9606.ENSP00000357876
39	PGAM1	5223	9606.ENSP00000359991
40	STAT1	6772	9606.ENSP00000354394
41	FKBP4	2288	9606.ENSP00000001008
42	KTN1	3895	9606.ENSP00000378725
43	TMED10	10972	9606.ENSP00000303145
44	ALDOA	226	9606.ENSP00000496166
45	TSPAN3	10099	9606.ENSP00000267970
46	GNAS	2778	9606.ENSP00000360141
47	HIF1A	3091	9606.ENSP00000437955
48	AARS	16	
49	RPN1	6184	9606.ENSP00000296255
50	PAICS	10606	9606.ENSP00000382595
51	BLCAP	10904	9606.ENSP00000397172
52	HADH	3033	9606.ENSP00000474560
53	GNAI2	2771	9606.ENSP00000312999
54	PSMF1	9491	9606.ENSP00000338039
55	MYL9	10398	9606.ENSP00000279022
56	MMP2	4313	9606.ENSP00000219070
57	SMARCC1	6599	9606.ENSP00000254480
58	TM9SF2	9375	9606.ENSP00000493515
59	PIP4K2B	8396	9606.ENSP00000482548
60	PXN	5829	9606.ENSP00000267257
61	COPB2	9276	9606.ENSP00000329419
62	PFKL	5211	9606.ENSP00000269848
63	PGRMC1	10857	9606.ENSP00000217971
64	ITGB5	3693	9606.ENSP00000296181
65	PLP2	5355	9606.ENSP00000365505
66	NFE2L2	4780	9606.ENSP00000380252
67	MBNL1	4154	9606.ENSP00000282486
68	NMT1	4836	9606.ENSP00000468424
69	BHLHE40	8553	9606.ENSP00000256495
70	TERF2IP	54386	9606.ENSP00000300086
71	FBXO7	25793	9606.ENSP00000266087
72	HTRA1	5654	9606.ENSP00000357980
73	LRPAP1	4043	9606.ENSP00000497444
74	CREG1	8804	9606.ENSP00000359540
75	PCNA	5111	9606.ENSP00000368458
76	LGMN	5641	9606.ENSP00000376911
77	ILK	3611	9606.ENSP00000379975
78	ATP1B1	481	9606.ENSP00000356790
79	SYPL1	6856	9606.ENSP00000011473
80	TXNRD1	7296	9606.ENSP00000434516
81	NUDCD3	23386	9606.ENSP00000347626
82	TOP2A	7153	9606.ENSP00000411532
83	STK25	10494	9606.ENSP00000325748
84	EBNA1BP2	10969	9606.ENSP00000407323
85	ARHGEF12	23365	9606.ENSP00000380942
86	SCP2	6342	9606.ENSP00000360569
87	YME1L1	10730	9606.ENSP00000318480
88	TMEM109	79073	9606.ENSP00000227525
89	TPD52L2	7165	9606.ENSP00000217121
90	CRTAP	10491	9606.ENSP00000323696
91	TRAP1	10131	9606.ENSP00000246957
92	IGF2R	3482	9606.ENSP00000349437
93	PHGDH	26227	9606.ENSP00000493382
94	LRP10	26020	9606.ENSP00000352601
95	SOX4	6659	9606.ENSP00000244745
96	CAT	847	9606.ENSP00000241052
97	RHEB	6009	9606.ENSP00000262187
98	MAPKAPK2	9261	9606.ENSP00000356070
99	SCRN1	9805	9606.ENSP00000388942
100	JUN	3725	9606.ENSP00000360266
101	SHC1	6464	9606.ENSP00000401303
102	SQSTM1	8878	9606.ENSP00000374455
103	PRCP	5547	9606.ENSP00000377055
104	USP7	7874	9606.ENSP00000343535
105	NFKBIA	4792	9606.ENSP00000216797
106	G3BP1	10146	9606.ENSP00000377681
107	TOMM70A	9868	
108	RPA1	6117	9606.ENSP00000254719
109	ZFP36	7538	9606.ENSP00000471239
110	DUSP3	1845	9606.ENSP00000226004
111	KDM5B	10765	9606.ENSP00000356233
112	MCM3	4172	9606.ENSP00000480987
113	CLIC4	25932	9606.ENSP00000363500
114	CLSTN1	22883	9606.ENSP00000366513
115	ID2	3398	9606.ENSP00000234091
116	DCTD	1635	9606.ENSP00000349576
117	FAT1	2195	9606.ENSP00000406229
118	SMC1A	8243	9606.ENSP00000323421
119	NISCH	11188	9606.ENSP00000418232
120	PWP1	11137	9606.ENSP00000387365
121	ICMT	23463	9606.ENSP00000343552
122	RUVBL1	8607	9606.ENSP00000318297
123	MBTPS1	8720	9606.ENSP00000344223
124	INSIG1	3638	9606.ENSP00000344741
125	RRAGA	10670	9606.ENSP00000369899
126	IER3	8870	9606.ENSP00000259874
127	UBE2L6	9246	9606.ENSP00000287156
128	SMC4	10051	9606.ENSP00000341382
129	USP14	9097	9606.ENSP00000261601
130	EGR1	1958	9606.ENSP00000239938
131	PNP	4860	9606.ENSP00000354532
132	DNMT1	1786	9606.ENSP00000352516
133	CCND3	896	9606.ENSP00000362082
134	NIPSNAP1	8508	9606.ENSP00000216121
135	MYBL2	4605	9606.ENSP00000217026
136	EPB41L2	2037	9606.ENSP00000357110
137	ELAVL1	1994	9606.ENSP00000385269
138	KIAA0100	9703	9606.ENSP00000436773
139	TP53	7157	9606.ENSP00000269305
140	RPA2	6118	9606.ENSP00000363017
141	MTHFD2	10797	9606.ENSP00000377617
142	PSME2	5721	9606.ENSP00000216802
143	DAXX	1616	9606.ENSP00000266000
144	ELAC2	60528	9606.ENSP00000337445
145	NCAPD2	9918	9606.ENSP00000325017
146	EFCAB14	9813	9606.ENSP00000361001
147	DDX42	11325	9606.ENSP00000464050
148	LBR	3930	9606.ENSP00000339883
149	SH3BP5	9467	9606.ENSP00000373301
150	UBE3C	9690	9606.ENSP00000309198
151	SCARB1	949	9606.ENSP00000261693
152	SCCPDH	51097	9606.ENSP00000355467
153	SMARCD2	6603	9606.ENSP00000392617
154	NET1	10276	9606.ENSP00000347134
155	HDAC2	3066	9606.ENSP00000430432
156	HSPB1	3315	9606.ENSP00000248553
157	LIPA	3988	9606.ENSP00000337354
158	BNIP3	664	9606.ENSP00000357625
159	CDC25B	994	9606.ENSP00000245960
160	ATMIN	23300	9606.ENSP00000299575
161	TOMM34	10953	9606.ENSP00000361900
162	MPZL1	9019	9606.ENSP00000352513
163	IL13RA1	3597	9606.ENSP00000360730
164	PSRC1	84722	9606.ENSP00000358925
165	UBE2A	7319	9606.ENSP00000360613
166	COASY	80347	9606.ENSP00000464814
167	LRRC41	10489	9606.ENSP00000477792
168	MYCBP2	23077	9606.ENSP00000444596
169	RBM6	10180	9606.ENSP00000266022
170	PGM1	5236	9606.ENSP00000360124
171	MYO10	4651	9606.ENSP00000421280
172	RSU1	6251	9606.ENSP00000367154
173	EGFR	1956	9606.ENSP00000275493
174	KIAA0196	9897	
175	EXT1	2131	9606.ENSP00000367446
176	SPEN	23013	9606.ENSP00000364912
177	PTPN12	5782	9606.ENSP00000248594
178	TWF2	11344	9606.ENSP00000303908
179	TJP1	7082	9606.ENSP00000348416
180	MEST	4232	9606.ENSP00000223215
181	ALDOC	230	9606.ENSP00000378731
182	KDM5A	5927	9606.ENSP00000382688
183	RAI14	26064	9606.ENSP00000427123
184	BIRC2	329	9606.ENSP00000477613
185	CTSL	1514	9606.ENSP00000345344
186	PAF1	54623	9606.ENSP00000221265
187	BIRC5	332	9606.ENSP00000301633
188	RALB	5899	9606.ENSP00000272519
189	ARFIP2	23647	9606.ENSP00000484121
190	ARHGAP1	392	9606.ENSP00000310491
191	CPNE3	8895	9606.ENSP00000477590
192	ABL1	25	9606.ENSP00000361423
193	TRAK2	66008	9606.ENSP00000328875
194	PYCR1	5831	9606.ENSP00000384949
195	NUP62	23636	9606.ENSP00000471191
196	PCM1	5108	9606.ENSP00000327077
197	BLMH	642	9606.ENSP00000261714
198	MVP	9961	9606.ENSP00000378760
199	NUP133	55746	9606.ENSP00000261396
200	PLOD3	8985	9606.ENSP00000223127
201	PPP2R5A	5525	9606.ENSP00000261461
202	NUP93	9688	9606.ENSP00000310668
203	ARL4C	10123	9606.ENSP00000339754
204	KIAA0907	22889	
205	CRK	1398	9606.ENSP00000300574
206	CHERP	10523	9606.ENSP00000439856
207	PLK1	5347	9606.ENSP00000300093
208	TRIB1	10221	9606.ENSP00000312150
209	CDK4	1019	9606.ENSP00000257904
210	STXBP1	6812	9606.ENSP00000362399
211	VPS72	6944	9606.ENSP00000346464
212	HSD17B10	3028	9606.ENSP00000168216
213	CDKN1A	1026	9606.ENSP00000384849
214	COL1A1	1277	9606.ENSP00000225964
215	SENP6	26054	9606.ENSP00000402527
216	ACBD3	64746	9606.ENSP00000355777
217	CSK	1445	9606.ENSP00000220003
218	CSNK1E	1454	9606.ENSP00000380044
219	TOR1A	1861	9606.ENSP00000345719
220	TRAM2	9697	9606.ENSP00000182527
221	TCEAL4	79921	9606.ENSP00000361712
222	GNPDA1	10007	9606.ENSP00000423674
223	RGS2	5997	9606.ENSP00000235382
224	ABCF3	55324	9606.ENSP00000411471
225	TCERG1	10915	9606.ENSP00000296702
226	USP1	7398	9606.ENSP00000343526
227	KEAP1	9817	9606.ENSP00000377245
228	KAT6A	7994	9606.ENSP00000265713
229	MPC2	25874	9606.ENSP00000271373
230	MYC	4609	9606.ENSP00000478887
231	SLC35B1	10237	9606.ENSP00000497423
232	PLSCR1	5359	9606.ENSP00000345494
233	DECR1	1666	9606.ENSP00000220764
234	ERBB3	2065	9606.ENSP00000267101
235	PRSS23	11098	9606.ENSP00000280258
236	PAPD7	11044	
237	CTNNAL1	8727	9606.ENSP00000320434
238	IKBKAP	8518	
239	PPIE	10450	9606.ENSP00000361918
240	DNAJB2	3300	9606.ENSP00000338019
241	SNAP25	6616	9606.ENSP00000254976
242	BCL7B	9275	9606.ENSP00000411073
243	GALE	2582	9606.ENSP00000483375
244	HMGCR	3156	9606.ENSP00000287936
245	PRKCD	5580	9606.ENSP00000331602
246	VAPB	9217	9606.ENSP00000417175
247	MYLK	4638	9606.ENSP00000353452
248	S100A13	6284	9606.ENSP00000392767
249	NRIP1	8204	9606.ENSP00000327213
250	HTATSF1	27336	9606.ENSP00000442699
251	ADAM10	102	9606.ENSP00000260408
252	EAPP	55837	9606.ENSP00000250454
253	SERPINE1	5054	9606.ENSP00000223095
254	APPBP2	10513	9606.ENSP00000083182
255	TOPBP1	11073	9606.ENSP00000260810
256	POLR2K	5440	9606.ENSP00000342889
257	ICAM1	3383	9606.ENSP00000264832
258	NRAS	4893	9606.ENSP00000358548
259	LPGAT1	9926	9606.ENSP00000355964
260	PSMB10	5699	9606.ENSP00000351314
261	SDHB	6390	9606.ENSP00000364649
262	RASA1	5921	9606.ENSP00000274376
263	GTF2A2	2958	9606.ENSP00000379372
264	NPC1	4864	9606.ENSP00000269228
265	GTF2E2	2961	9606.ENSP00000348168
266	RNMT	8731	9606.ENSP00000466111
267	RBM15B	29890	9606.ENSP00000454545
268	OXSR1	9943	9606.ENSP00000311713
269	DUSP11	8446	9606.ENSP00000272444
270	CCNB2	9133	9606.ENSP00000288207
271	HIST2H2BE	8349	
272	PTPN1	5770	9606.ENSP00000360683
273	TES	26136	9606.ENSP00000350937
274	GFPT1	2673	9606.ENSP00000349860
275	LIG1	3978	9606.ENSP00000263274
276	PKIG	11142	9606.ENSP00000361980
277	P4HA2	8974	9606.ENSP00000384999
278	EBP	10682	9606.ENSP00000417052
279	PHKB	5257	9606.ENSP00000313504
280	PIK3R3	8503	9606.ENSP00000262741
281	WRB	7485	
282	GPC1	2817	9606.ENSP00000264039
283	SYNE2	23224	9606.ENSP00000350719
284	CASP3	836	9606.ENSP00000311032
285	DNTTIP2	30836	9606.ENSP00000411010
286	ZMYM2	7750	9606.ENSP00000479904
287	OXCT1	5019	9606.ENSP00000196371
288	NNT	23530	9606.ENSP00000264663
289	MAPKAPK3	7867	9606.ENSP00000396467
290	INPP1	3628	9606.ENSP00000376142
291	SACM1L	22908	
292	PRKACA	5566	9606.ENSP00000309591
293	INTS3	65123	9606.ENSP00000318641
294	STAMBP	10617	9606.ENSP00000377633
295	GAA	2548	9606.ENSP00000305692
296	TARBP1	6894	9606.ENSP00000040877
297	SLC25A4	291	9606.ENSP00000281456
298	SLC37A4	2542	9606.ENSP00000476176
299	PCK2	5106	9606.ENSP00000216780
300	HPRT1	3251	9606.ENSP00000298556
301	FAH	2184	9606.ENSP00000385080
302	POP4	10775	9606.ENSP00000465213
303	CDC20	991	9606.ENSP00000361540
304	CYTH1	9267	9606.ENSP00000389095
305	DDIT4	54541	9606.ENSP00000307305
306	MAP7	9053	9606.ENSP00000482335
307	NIT1	4817	9606.ENSP00000356988
308	NUP88	4927	9606.ENSP00000458954
309	WFS1	7466	9606.ENSP00000226760
310	ADGRE5	976	9606.ENSP00000242786
311	MSH6	2956	9606.ENSP00000234420
312	FAM20B	9917	9606.ENSP00000263733
313	PIN1	5300	9606.ENSP00000247970
314	ETFB	2109	9606.ENSP00000346173
315	FPGS	2356	9606.ENSP00000362344
316	FHL2	2274	9606.ENSP00000386892
317	CRYZ	1429	9606.ENSP00000399805
318	UBE2C	11065	9606.ENSP00000348838
319	RFX5	5993	9606.ENSP00000290524
320	ARNT2	9915	9606.ENSP00000307479
321	PYGL	5836	9606.ENSP00000216392
322	POLD4	57804	9606.ENSP00000311368
323	LYPLA1	10434	9606.ENSP00000320043
324	ECD	11319	9606.ENSP00000401566
325	PTPRK	5796	9606.ENSP00000432973
326	TIMELESS	8914	9606.ENSP00000450607
327	STK10	6793	9606.ENSP00000176763
328	TP53BP1	7158	9606.ENSP00000371475
329	TCTA	6988	9606.ENSP00000273590
330	PDHX	8050	9606.ENSP00000227868
331	KLHL21	9903	9606.ENSP00000366886
332	COG2	22796	9606.ENSP00000355629
333	DNM1L	10059	9606.ENSP00000449089
334	PTK2B	2185	9606.ENSP00000380638
335	PAN2	9924	9606.ENSP00000481859
336	CCDC86	79080	9606.ENSP00000227520
337	TP53BP2	7159	9606.ENSP00000341957
338	SLC11A2	4891	9606.ENSP00000378364
339	SPTLC2	9517	9606.ENSP00000216484
340	KIF5C	3800	9606.ENSP00000393379
341	RB1	5925	9606.ENSP00000267163
342	TBP	6908	9606.ENSP00000230354
343	HAT1	8520	9606.ENSP00000264108
344	PAK4	10298	9606.ENSP00000469413
345	TIMP2	7077	9606.ENSP00000262768
346	RRP8	23378	9606.ENSP00000254605
347	S100A4	6275	9606.ENSP00000357704
348	B4GAT1	11041	9606.ENSP00000309096
349	ABCB6	10058	9606.ENSP00000265316
350	PMM2	5373	9606.ENSP00000268261
351	MTFR1	9650	9606.ENSP00000262146
352	RFC5	5985	9606.ENSP00000408295
353	CDK1	983	9606.ENSP00000378699
354	ST3GAL5	8869	9606.ENSP00000491316
355	MAPK9	5601	9606.ENSP00000394560
356	TLE1	7088	9606.ENSP00000365682
357	PAFAH1B3	5050	9606.ENSP00000444935
358	IL4R	3566	9606.ENSP00000379111
359	NPRL2	10641	9606.ENSP00000232501
360	CDH3	1001	9606.ENSP00000264012
361	DRAP1	10589	9606.ENSP00000307850
362	DFFA	1676	9606.ENSP00000366237
363	EDEM1	9695	9606.ENSP00000256497
364	HS2ST1	9653	9606.ENSP00000359581
365	KIAA0355	9710	9606.ENSP00000299505
366	CNOT4	4850	9606.ENSP00000445508
367	DMTF1	9988	9606.ENSP00000378193
368	DCK	1633	9606.ENSP00000286648
369	DYNLT3	6990	9606.ENSP00000367841
370	BAMBI	25805	9606.ENSP00000364683
371	SLC35A1	10559	9606.ENSP00000358565
372	NCK2	8440	9606.ENSP00000233154
373	ITGB1BP1	9270	9606.ENSP00000353850
374	PPP2R5E	5529	9606.ENSP00000337641
375	CEBPZ	10153	9606.ENSP00000234170
376	TIMM17B	10245	9606.ENSP00000379999
377	UGDH	7358	9606.ENSP00000319501
378	MTF2	22823	9606.ENSP00000359321
379	EZH2	2146	9606.ENSP00000320147
380	MYCBP	26292	9606.ENSP00000380702
381	DUSP14	11072	9606.ENSP00000477653
382	SOCS2	8835	9606.ENSP00000481249
383	RPS6KA1	6195	9606.ENSP00000435412
384	APOE	348	9606.ENSP00000252486
385	HES1	3280	9606.ENSP00000232424
386	PSMG1	8624	9606.ENSP00000329915
387	SATB1	6304	9606.ENSP00000399518
388	DDB2	1643	9606.ENSP00000256996
389	CCNA2	890	9606.ENSP00000481380
390	EML3	256364	9606.ENSP00000434513
391	PRAF2	11230	9606.ENSP00000451962
392	SPR	6697	9606.ENSP00000234454
393	EPN2	22905	9606.ENSP00000320543
394	MRPL19	9801	9606.ENSP00000377486
395	CEP57	9702	9606.ENSP00000317902
396	TRAPPC3	27095	9606.ENSP00000480332
397	ZNF318	24149	9606.ENSP00000354964
398	STX4	6810	9606.ENSP00000317714
399	IPO13	9670	9606.ENSP00000361418
400	PCBD1	5092	9606.ENSP00000299299
401	MNAT1	4331	9606.ENSP00000261245
402	AGL	178	9606.ENSP00000294724
403	LOXL1	4016	9606.ENSP00000261921
404	NFIL3	4783	9606.ENSP00000297689
405	CSNK2A2	1459	9606.ENSP00000262506
406	RAB4A	5867	9606.ENSP00000355651
407	POLB	5423	9606.ENSP00000265421
408	IGF1R	3480	9606.ENSP00000497069
409	FGFR2	2263	9606.ENSP00000410294
410	MBNL2	10150	9606.ENSP00000365861
411	TATDN2	9797	9606.ENSP00000287652
412	TRIM13	10206	9606.ENSP00000348299
413	HMOX1	3162	9606.ENSP00000216117
414	NUCB2	4925	9606.ENSP00000436455
415	BCL2	596	9606.ENSP00000381185
416	RFC2	5982	9606.ENSP00000055077
417	FZD7	8324	9606.ENSP00000286201
418	PHKG2	5261	9606.ENSP00000455607
419	GADD45A	1647	9606.ENSP00000360025
420	LAMA3	3909	9606.ENSP00000324532
421	SKIV2L	6499	9606.ENSP00000364543
422	BUB1B	701	9606.ENSP00000287598
423	SLC25A13	10165	9606.ENSP00000400101
424	SSBP2	23635	9606.ENSP00000483921
425	AKAP8	10270	9606.ENSP00000269701
426	PDIA5	10954	9606.ENSP00000323313
427	RAB11FIP2	22841	9606.ENSP00000358200
428	RAB21	23011	9606.ENSP00000261263
429	LYRM1	57149	9606.ENSP00000379367
430	RAP1GAP	5909	9606.ENSP00000363895
431	TCEA2	6919	9606.ENSP00000343515
432	NFKBIE	4794	9606.ENSP00000275015
433	MRPL12	6182	9606.ENSP00000333837
434	ATF6	22926	9606.ENSP00000356919
435	CEBPD	1052	9606.ENSP00000386165
436	GNB5	10681	9606.ENSP00000261837
437	DUSP4	1846	9606.ENSP00000240100
438	CEBPA	1050	9606.ENSP00000427514
439	WASF3	10810	9606.ENSP00000335055
440	PRKX	5613	9606.ENSP00000262848
441	SLC5A6	8884	9606.ENSP00000310208
442	MAP3K4	4216	9606.ENSP00000375986
443	AURKA	6790	9606.ENSP00000216911
444	CCNH	902	9606.ENSP00000498750
445	TESK1	7016	9606.ENSP00000338127
446	CDC45	8318	9606.ENSP00000405726
447	FOXO3	2309	9606.ENSP00000339527
448	ENOSF1	55556	9606.ENSP00000497230
449	IFNAR1	3454	9606.ENSP00000270139
450	CDK2	1017	9606.ENSP00000266970
451	ELOVL6	79071	9606.ENSP00000378105
452	PMAIP1	5366	9606.ENSP00000326119
453	PIK3C3	5289	9606.ENSP00000262039
454	CREB1	1385	9606.ENSP00000387699
455	PIK3CA	5290	9606.ENSP00000263967
456	GSTM2	2946	9606.ENSP00000241337
457	FOSL1	8061	9606.ENSP00000310170
458	FZD1	8321	9606.ENSP00000287934
459	PLA2G15	23659	9606.ENSP00000219345
460	SNCA	6622	9606.ENSP00000500990
461	MMP1	4312	9606.ENSP00000322788
462	PIK3C2B	5287	9606.ENSP00000356155
463	CD44	960	9606.ENSP00000398632
464	DPH2	1802	9606.ENSP00000255108
465	PPIC	5480	9606.ENSP00000303057
466	BRCA1	672	9606.ENSP00000418960
467	ST6GALNAC2	10610	9606.ENSP00000225276
468	IKBKE	9641	9606.ENSP00000464030
469	FGFR4	2264	9606.ENSP00000292408
470	SLC25A14	9016	9606.ENSP00000477981
471	CGRRF1	10668	9606.ENSP00000216420
472	CCDC85B	11007	9606.ENSP00000311695
473	ACD	65057	9606.ENSP00000483117
474	TFAP2A	7020	9606.ENSP00000501092
475	SHB	6461	9606.ENSP00000366936
476	CCP110	9738	9606.ENSP00000370803
477	KCNK1	3775	9606.ENSP00000355580
478	CDC25A	993	9606.ENSP00000303706
479	KIAA0753	9851	9606.ENSP00000355250
480	NCK1	4690	9606.ENSP00000417273
481	STX1A	6804	9606.ENSP00000222812
482	PTGS2	5743	9606.ENSP00000356438
483	MAP2K5	5607	9606.ENSP00000178640
484	C2CD2L	9854	9606.ENSP00000338885
485	USP6NL	9712	9606.ENSP00000277575
486	FAS	355	9606.ENSP00000498466
487	PPOX	5498	9606.ENSP00000356978
488	TMEM5	10329	
489	CLPX	10845	9606.ENSP00000300107
490	ZW10	9183	9606.ENSP00000200135
491	MELK	9833	9606.ENSP00000298048
492	CCNF	899	9606.ENSP00000380256
493	RAD9A	5883	9606.ENSP00000311360
494	TCFL5	10732	9606.ENSP00000334294
495	ZNF274	10782	9606.ENSP00000484810
496	ICAM3	3385	9606.ENSP00000160262
497	DDX10	1662	9606.ENSP00000314348
498	TRAPPC6A	79090	9606.ENSP00000006275
499	CDK5R1	8851	9606.ENSP00000318486
500	ATF5	22809	9606.ENSP00000396954
501	STAT5B	6777	9606.ENSP00000293328
502	CCNE2	9134	9606.ENSP00000429089
503	LSM6	11157	9606.ENSP00000296581
504	IKZF1	10320	9606.ENSP00000331614
505	CENPE	1062	9606.ENSP00000265148
506	KIT	3815	9606.ENSP00000288135
507	ITGAE	3682	9606.ENSP00000263087
508	IL1B	3553	9606.ENSP00000263341
509	ORC1	4998	9606.ENSP00000360623
510	MAMLD1	10046	9606.ENSP00000414517
511	SGCB	6443	9606.ENSP00000370839
512	MOK	5891	9606.ENSP00000355304
513	CD40	958	9606.ENSP00000361359
514	PEX11A	8800	9606.ENSP00000300056
515	CLTB	1212	9606.ENSP00000309415
516	CD58	965	9606.ENSP00000358501
517	PLS1	5357	9606.ENSP00000336831
518	PCMT1	5110	9606.ENSP00000497225
519	RELB	5971	9606.ENSP00000221452
520	GNA15	2769	9606.ENSP00000262958
521	INPP4B	8821	9606.ENSP00000422793
522	CBR3	874	9606.ENSP00000290354
523	CHEK1	1111	9606.ENSP00000391090
524	SMAD3	4088	9606.ENSP00000332973
525	DAG1	1605	9606.ENSP00000442600
526	PHKA1	5255	9606.ENSP00000362643
527	FOXO4	4303	9606.ENSP00000363377
528	PIGB	9488	9606.ENSP00000164305
529	PDGFA	5154	9606.ENSP00000346508
530	CASP10	843	9606.ENSP00000286186
531	GHR	2690	9606.ENSP00000483403
532	C5	727	9606.ENSP00000223642
533	BTK	695	9606.ENSP00000483570
534	RPP38	10557	9606.ENSP00000478982
535	SNX7	51375	9606.ENSP00000304429
536	NOS3	4846	9606.ENSP00000297494
537	SCYL3	57147	9606.ENSP00000356746
538	ALAS1	211	9606.ENSP00000378416
539	SYNGR3	9143	9606.ENSP00000248121
540	BPHL	670	9606.ENSP00000369739
541	POLG2	11232	9606.ENSP00000442563
542	NOLC1	9221	9606.ENSP00000385410
543	NFATC4	4776	9606.ENSP00000388910
544	CCNA1	8900	9606.ENSP00000255465
545	POLE2	5427	9606.ENSP00000216367
546	DNAJA3	9093	9606.ENSP00000262375
547	FOXJ3	22887	9606.ENSP00000361653
548	RNH1	6050	9606.ENSP00000433999
549	RAD51C	5889	9606.ENSP00000336701
550	EPHA3	2042	9606.ENSP00000337451
551	PRKCH	5583	9606.ENSP00000329127
552	FUT1	2523	9606.ENSP00000312021
553	ADRB2	154	9606.ENSP00000305372
554	GABPB1	2553	9606.ENSP00000220429
555	EGF	1950	9606.ENSP00000265171
556	KIF14	9928	9606.ENSP00000356319
557	ETV1	2115	9606.ENSP00000405327
558	CSNK1A1	1452	9606.ENSP00000261798
559	MAP4K4	9448	9606.ENSP00000343658
560	GLRX	2745	9606.ENSP00000369314
561	PTPN6	5777	9606.ENSP00000391592
562	CPSF4	10898	9606.ENSP00000292476
563	LPAR2	9170	9606.ENSP00000443256
564	DFFB	1677	9606.ENSP00000339524
565	SLC35A3	23443	9606.ENSP00000359172
566	HDAC6	10013	9606.ENSP00000365804
567	GLI2	2736	9606.ENSP00000390436
568	CDKN2A	1029	9606.ENSP00000418915
569	E2F2	1870	9606.ENSP00000355249
570	CDK6	1021	9606.ENSP00000265734
571	AKT1	207	9606.ENSP00000451828
572	CASP7	840	9606.ENSP00000358327
573	TNIP1	10318	9606.ENSP00000317891
574	TERT	7015	9606.ENSP00000309572
575	PTPRC	5788	9606.ENSP00000411355
576	TGFBR2	7048	9606.ENSP00000351905
577	NFATC3	4775	9606.ENSP00000300659
578	RAC2	5880	9606.ENSP00000249071
579	POLR1C	9533	9606.ENSP00000496044
580	NFKB2	4791	9606.ENSP00000358983
581	SYK	6850	9606.ENSP00000364898
582	CASK	8573	9606.ENSP00000494788
583	NCOA3	8202	9606.ENSP00000361066
584	PSMD9	5715	9606.ENSP00000440485
585	PROS1	5627	9606.ENSP00000377783
586	CASC3	22794	9606.ENSP00000264645
587	MUC1	4582	9606.ENSP00000484824
588	ST7	7982	9606.ENSP00000265437
589	NVL	4931	9606.ENSP00000281701
590	MEF2C	4208	9606.ENSP00000340874
591	CHP1	11261	9606.ENSP00000335632
592	HMGA2	8091	9606.ENSP00000437621
593	CASP2	835	9606.ENSP00000312664
594	LSR	51599	9606.ENSP00000480821
595	MALT1	10892	9606.ENSP00000497997
596	TBPL1	9519	9606.ENSP00000237264
597	CTNND1	1500	9606.ENSP00000382004
598	CIAPIN1	57019	9606.ENSP00000377914
599	BAX	581	9606.ENSP00000293288
600	PPARG	5468	9606.ENSP00000287820
601	SPTAN1	6709	9606.ENSP00000487444
602	EIF4G1	1981	9606.ENSP00000416255
603	VAT1	10493	9606.ENSP00000347872
604	MACF1	23499	9606.ENSP00000354573
605	PARP1	142	9606.ENSP00000355759
606	FDFT1	2222	9606.ENSP00000491537
607	HSPA8	3312	9606.ENSP00000437125
608	PDLIM1	9124	9606.ENSP00000360305
609	EIF5	1983	9606.ENSP00000216554
610	CCND1	595	9606.ENSP00000227507
611	TMCO1	54499	9606.ENSP00000480514
612	OXA1L	5018	9606.ENSP00000285848
613	CDC42	998	9606.ENSP00000497733
614	TSC22D3	1831	9606.ENSP00000361458
615	PTK2	5747	9606.ENSP00000341189
616	ADH5	128	9606.ENSP00000296412
617	REEP5	7905	9606.ENSP00000368959
618	DUSP6	1848	9606.ENSP00000279488
619	HLA-DRA	3122	9606.ENSP00000378786
620	ATP6V1D	51382	9606.ENSP00000216442
621	CYCS	54205	9606.ENSP00000307786
622	CAST	831	9606.ENSP00000422176
623	LGALS8	3964	9606.ENSP00000435460
624	BECN1	8678	9606.ENSP00000355231
625	ALDH7A1	501	9606.ENSP00000387123
626	STAT3	6774	9606.ENSP00000264657
627	DNAJB6	10049	9606.ENSP00000262177
628	COPS7A	50813	9606.ENSP00000446039
629	PSMB8	5696	9606.ENSP00000364016
630	XPNPEP1	7511	9606.ENSP00000421566
631	RALGDS	5900	9606.ENSP00000361120
632	CORO1A	11151	9606.ENSP00000219150
633	GLOD4	51031	9606.ENSP00000301329
634	DLD	1738	9606.ENSP00000205402
635	IFRD2	7866	9606.ENSP00000402849
636	TSPAN6	7105	9606.ENSP00000362111
637	CDKN1B	1027	9606.ENSP00000228872
638	PRPF4	9128	9606.ENSP00000363313
639	CYB561	1534	9606.ENSP00000464215
640	MAN2B1	4125	9606.ENSP00000395473
641	MBOAT7	79143	9606.ENSP00000245615
642	FOS	2353	9606.ENSP00000306245
643	TUBB6	84617	9606.ENSP00000318697
644	CBR1	873	9606.ENSP00000290349
645	MFSD10	10227	9606.ENSP00000332646
646	SORBS3	10174	9606.ENSP00000240123
647	SMC3	9126	9606.ENSP00000354720
648	SFN	2810	9606.ENSP00000340989
649	NR2F6	2063	9606.ENSP00000291442
650	TSPAN4	7106	9606.ENSP00000380553
651	GADD45B	4616	9606.ENSP00000215631
652	PSIP1	11168	9606.ENSP00000370114
653	IKBKB	3551	9606.ENSP00000430684
654	BAD	572	9606.ENSP00000378040
655	STXBP2	6813	9606.ENSP00000413606
656	ABCC5	10057	9606.ENSP00000333926
657	KIF2C	11004	9606.ENSP00000361298
658	GRB10	2887	9606.ENSP00000493728
659	ARHGEF2	9181	9606.ENSP00000354837
660	AURKB	9212	9606.ENSP00000313950
661	MKNK1	8569	9606.ENSP00000498083
662	RPA3	6119	9606.ENSP00000223129
663	RAB27A	5873	9606.ENSP00000379601
664	HDGFRP3	50810	
665	GSTZ1	2954	9606.ENSP00000451976
666	RRS1	23212	9606.ENSP00000322396
667	EED	8726	9606.ENSP00000338186
668	GNAI1	2770	9606.ENSP00000497260
669	PRUNE	58497	
670	EPHB2	2048	9606.ENSP00000383053
671	GATA3	2625	9606.ENSP00000368632
672	ACAT2	39	9606.ENSP00000356015
673	PAK1	5058	9606.ENSP00000278568
674	CETN3	1070	9606.ENSP00000428259
675	CBLB	868	9606.ENSP00000499037
676	GATA2	2624	9606.ENSP00000345681
677	TGFB3	7043	9606.ENSP00000238682
678	CXCL2	2920	9606.ENSP00000427279
679	HIST1H2BK	85236	
680	ANXA7	310	9606.ENSP00000362010
681	SPP1	6696	9606.ENSP00000378517
682	PUF60	22827	9606.ENSP00000434359
683	CFLAR	8837	9606.ENSP00000312455
684	PRKCQ	5588	9606.ENSP00000263125
685	MAPK13	5603	9606.ENSP00000211287
686	FYN	2534	9606.ENSP00000346671
687	RPL39L	116832	9606.ENSP00000389356
688	PLA2G4A	5321	9606.ENSP00000356436
689	DYRK3	8444	9606.ENSP00000356076
690	ME2	4200	9606.ENSP00000321070
691	ACLY	47	9606.ENSP00000466259
692	CHEK2	11200	9606.ENSP00000372023
693	GPER1	2852	9606.ENSP00000380281
694	HMG20B	10362	9606.ENSP00000328269
695	LYN	4067	9606.ENSP00000428924
696	GRB7	2886	9606.ENSP00000403459
697	DHRS7	51635	9606.ENSP00000216500
698	TPM1	7168	9606.ENSP00000351022
699	HSPA4	3308	9606.ENSP00000302961
700	MLLT11	10962	9606.ENSP00000357917
701	CDK7	1022	9606.ENSP00000256443
702	RAE1	8480	9606.ENSP00000379181
703	BMP4	652	9606.ENSP00000245451
704	BDH1	622	9606.ENSP00000376184
705	BID	637	9606.ENSP00000318822
706	BLVRA	644	9606.ENSP00000385757
707	LSM5	23658	9606.ENSP00000410758
708	TXNDC9	10190	9606.ENSP00000264255
709	MTA1	9112	9606.ENSP00000333633
710	CXCR4	7852	9606.ENSP00000386884
711	COL4A1	1282	9606.ENSP00000364979
712	RNF167	26001	9606.ENSP00000262482
713	WIPF2	147179	9606.ENSP00000320924
714	TBC1D9B	23061	9606.ENSP00000349291
715	ADGRG1	9289	9606.ENSP00000455215
716	HN1L	90861	
717	ZMIZ1	57178	9606.ENSP00000334474
718	PDS5A	23244	9606.ENSP00000303427
719	IGFBP3	3486	9606.ENSP00000370473
720	XPO7	23039	9606.ENSP00000252512
721	CRKL	1399	9606.ENSP00000346300
722	COG4	25839	9606.ENSP00000315775
723	H2AFV	94239	
724	FBXO21	23014	9606.ENSP00000328187
725	ATP2C1	27032	9606.ENSP00000421326
726	TMEM97	27346	9606.ENSP00000226230
727	SUZ12	23512	9606.ENSP00000316578
728	TXLNA	200081	9606.ENSP00000362711
729	TFDP1	7027	9606.ENSP00000364519
730	VGLL4	9686	9606.ENSP00000404251
731	UBE3B	89910	9606.ENSP00000340596
732	KIF1BP	26128	
733	SPRED2	200734	9606.ENSP00000348753
734	KAT6B	23522	9606.ENSP00000287239
735	GPATCH8	23131	9606.ENSP00000467556
736	ADO	84890	9606.ENSP00000362888
737	ATP11B	23200	9606.ENSP00000321195
738	ZNF451	26036	9606.ENSP00000359740
739	RBM34	23029	9606.ENSP00000386226
740	ARID5B	84159	9606.ENSP00000279873
741	CHN1	1123	9606.ENSP00000386741
742	MAPK1IP1L	93487	9606.ENSP00000378851
743	DHX29	54505	9606.ENSP00000251636
744	JADE2	23338	9606.ENSP00000282605
745	TIPARP	25976	9606.ENSP00000420612
746	KDM3A	55818	9606.ENSP00000386660
747	PCCB	5096	9606.ENSP00000419027
748	PLEKHM1	9842	9606.ENSP00000389913
749	JMJD6	23210	9606.ENSP00000394085
750	PIK3R4	30849	9606.ENSP00000349205
751	CAMSAP2	23271	9606.ENSP00000236925
752	KIAA1033	23325	
753	SLC1A4	6509	9606.ENSP00000234256
754	ASCC3	10973	9606.ENSP00000358159
755	SLC25A46	91137	9606.ENSP00000348211
756	RRP1B	23076	9606.ENSP00000339145
757	AXIN1	8312	9606.ENSP00000262320
758	DCUN1D4	23142	9606.ENSP00000389900
759	MAPKAPK5	8550	9606.ENSP00000449381
760	C2CD2	25966	9606.ENSP00000369853
761	WDR7	23335	9606.ENSP00000254442
762	SUPV3L1	6832	9606.ENSP00000352678
763	CDK19	23097	9606.ENSP00000357907
764	THAP11	57215	9606.ENSP00000304689
765	C2CD5	9847	9606.ENSP00000443204
766	POLR2I	5438	9606.ENSP00000221859
767	RFNG	5986	9606.ENSP00000307971
768	RPIA	22934	9606.ENSP00000283646
769	TLK2	11011	9606.ENSP00000316512
770	TIAM1	7074	9606.ENSP00000286827
771	HOXA10	3206	9606.ENSP00000283921
772	COG7	91949	9606.ENSP00000305442
773	TICAM1	148022	9606.ENSP00000248244
774	KLHL9	55958	9606.ENSP00000351933
775	SNX13	23161	9606.ENSP00000398789
776	SRC	6714	9606.ENSP00000362680
777	GDPD5	81544	9606.ENSP00000337972
778	PLCB3	5331	9606.ENSP00000443631
779	TBX2	6909	9606.ENSP00000240328
780	APBB2	323	9606.ENSP00000427211
781	FCHO1	23149	9606.ENSP00000473001
782	FAM69A	388650	
783	ASAH1	427	9606.ENSP00000371152
784	SMARCA4	6597	9606.ENSP00000343896
785	SOX2	6657	9606.ENSP00000323588
786	HOXA5	3202	9606.ENSP00000222726
787	TMEM110	375346	
788	ATP5S	27109	
789	TBC1D31	93594	9606.ENSP00000287380
790	NFKBIB	4793	9606.ENSP00000312988
791	CTTN	2017	9606.ENSP00000365745
792	PARP2	10038	9606.ENSP00000250416
793	AKR7A2	8574	9606.ENSP00000235835
794	ACAA1	30	9606.ENSP00000333664
795	SPDEF	25803	9606.ENSP00000363149
796	RALA	5898	9606.ENSP00000005257
797	ETS1	2113	9606.ENSP00000376436
798	CCNB1	891	9606.ENSP00000256442
799	ZNF131	7690	9606.ENSP00000426504
800	FEZ2	9637	9606.ENSP00000368547
801	NSDHL	50814	9606.ENSP00000359297
802	DNM1	1759	9606.ENSP00000362014
803	UBQLN2	29978	9606.ENSP00000345195
804	MAST2	23139	9606.ENSP00000354671
805	TRIM2	23321	9606.ENSP00000339659
806	IGHMBP2	3508	9606.ENSP00000255078
807	NR3C1	2908	9606.ENSP00000231509
808	PPP1R13B	23368	9606.ENSP00000202556
809	CCL2	6347	9606.ENSP00000225831
810	ERBB2	2064	9606.ENSP00000269571
811	RRP12	23223	9606.ENSP00000446184
812	HOMER2	9455	9606.ENSP00000305632
813	VDAC1	7416	9606.ENSP00000378487
814	HERPUD1	9709	9606.ENSP00000409555
815	GAPDH	2597	9606.ENSP00000380070
816	HLA-DMA	3108	9606.ENSP00000363976
817	IDE	3416	9606.ENSP00000265986
818	NGRN	51335	9606.ENSP00000368389
819	CNDP2	55748	9606.ENSP00000325548
820	TM9SF3	56889	9606.ENSP00000360184
821	ADI1	55256	9606.ENSP00000333666
822	RAB31	11031	9606.ENSP00000461945
823	TMEM50A	23585	9606.ENSP00000363478
824	HACD3	51495	9606.ENSP00000261875
825	YKT6	10652	9606.ENSP00000223369
826	SNX6	58533	9606.ENSP00000498872
827	BZW2	28969	9606.ENSP00000397249
828	UBE2J1	51465	9606.ENSP00000451261
829	EVL	51466	9606.ENSP00000376652
830	BACE2	25825	9606.ENSP00000332979
831	MIF	4282	9606.ENSP00000215754
832	PIH1D1	55011	9606.ENSP00000262265
833	CAB39	51719	9606.ENSP00000258418
834	IARS2	55699	9606.ENSP00000355889
835	DSG2	1829	9606.ENSP00000261590
836	KLHDC2	23588	9606.ENSP00000298307
837	BAG3	9531	9606.ENSP00000358081
838	CNPY3	10695	9606.ENSP00000361926
839	LAP3	51056	9606.ENSP00000226299
840	STUB1	10273	9606.ENSP00000219548
841	NOSIP	51070	9606.ENSP00000343497
842	ENOPH1	58478	9606.ENSP00000273920
843	HSD17B11	51170	9606.ENSP00000351035
844	SQRDL	58472	
845	MRPS2	51116	9606.ENSP00000360850
846	NUP85	79902	9606.ENSP00000245544
847	FIS1	51024	9606.ENSP00000223136
848	NUSAP1	51203	9606.ENSP00000499238
849	MRPS16	51021	9606.ENSP00000362036
850	UFM1	51569	9606.ENSP00000368970
851	NT5DC2	64943	9606.ENSP00000406933
852	AKAP8L	26993	9606.ENSP00000380557
853	NPDC1	56654	9606.ENSP00000360660
854	ANKRD10	55608	9606.ENSP00000267339
855	DERA	51071	9606.ENSP00000416583
856	TEX10	54881	9606.ENSP00000364037
857	UBR7	55148	9606.ENSP00000013070
858	TMEM2	23670	
859	TRIB3	57761	9606.ENSP00000415416
860	ZNF395	55893	9606.ENSP00000340494
861	ADCK3	56997	
862	ISOC1	51015	9606.ENSP00000173527
863	CCDC92	80212	9606.ENSP00000238156
864	GOLT1B	51026	9606.ENSP00000229314
865	SCAND1	51282	9606.ENSP00000363103
866	NR1H2	7376	9606.ENSP00000499121
867	TSKU	25987	9606.ENSP00000434847
868	ZDHHC6	64429	9606.ENSP00000358413
869	PLEKHJ1	55111	9606.ENSP00000464955
870	PRKAG2	51422	9606.ENSP00000287878
871	TIMM9	26520	9606.ENSP00000378588
872	SESN1	27244	9606.ENSP00000393762
873	GMNN	51053	9606.ENSP00000230056
874	CRELD2	79174	9606.ENSP00000383938
875	NUDT9	53343	9606.ENSP00000303575
876	CDCA4	55038	9606.ENSP00000337226
877	NENF	29937	9606.ENSP00000355955
878	CERK	64781	9606.ENSP00000216264
879	DNAJC15	29103	9606.ENSP00000368523
880	HEBP1	50865	9606.ENSP00000014930
881	DNMT3A	1788	9606.ENSP00000264709
882	KCTD5	54442	9606.ENSP00000301738
883	ERO1A	30001	9606.ENSP00000379042
884	CD320	51293	9606.ENSP00000301458
885	DHDDS	79947	9606.ENSP00000353104
886	CHMP4A	29082	9606.ENSP00000476412
887	ABHD4	63874	9606.ENSP00000414558
888	TCTN1	79600	9606.ENSP00000380779
889	HEATR1	55127	9606.ENSP00000355541
890	CISD1	55847	9606.ENSP00000363041
891	SUV39H1	6839	9606.ENSP00000337976
892	VPS28	51160	9606.ENSP00000366565
893	EXOSC4	54512	9606.ENSP00000315476
894	NARFL	64428	
895	CHMP6	79643	9606.ENSP00000317468
896	PACSIN3	29763	9606.ENSP00000440945
897	KIF20A	10112	9606.ENSP00000378356
898	HOOK2	29911	9606.ENSP00000380785
899	TXNL4B	54957	9606.ENSP00000268483
900	VAV3	10451	9606.ENSP00000359073
901	SLC35F2	54733	9606.ENSP00000436785
902	DUSP22	56940	9606.ENSP00000397459
903	IGF2BP2	10644	9606.ENSP00000410242
904	PPP2R3C	55012	9606.ENSP00000261475
905	TNFRSF21	27242	9606.ENSP00000296861
906	FAM57A	79850	
907	NOTCH1	4851	9606.ENSP00000498587
908	ANO10	55129	9606.ENSP00000292246
909	PNKP	11284	9606.ENSP00000323511
910	EDN1	1906	9606.ENSP00000368683
911	FASTKD5	60493	9606.ENSP00000369618
912	METRN	79006	9606.ENSP00000455068
913	LAGE3	8270	9606.ENSP00000349923
914	PXMP2	5827	9606.ENSP00000321271
915	AMDHD2	51005	9606.ENSP00000391596
916	PRR15L	79170	9606.ENSP00000300557
917	FSD1	79187	9606.ENSP00000221856
918	TIMM22	29928	9606.ENSP00000320236
919	FBXO11	80204	9606.ENSP00000384823
920	RBKS	64080	9606.ENSP00000306817
921	CHAC1	79094	9606.ENSP00000484644
922	MSRA	4482	9606.ENSP00000313921
923	HERC6	55008	9606.ENSP00000264346
924	MTERF3	51001	9606.ENSP00000287025
925	ADAT1	23536	9606.ENSP00000310015
926	FKBP14	55033	9606.ENSP00000222803
927	PAK6	56924	9606.ENSP00000453858
928	PSMD10	5716	9606.ENSP00000217958
929	CHIC2	26511	9606.ENSP00000263921
930	LRRC16A	55604	
931	TSEN2	80746	9606.ENSP00000284995
932	ZNF586	54807	9606.ENSP00000379458
933	PRR7	80758	9606.ENSP00000327168
934	GFOD1	54438	9606.ENSP00000368589
935	SPAG4	6676	9606.ENSP00000363391
936	MCOLN1	57192	9606.ENSP00000264079
937	ZNF589	51385	9606.ENSP00000346729
938	SLC2A6	11182	9606.ENSP00000360966
939	MCUR1	63933	9606.ENSP00000368468
940	FBXL12	54850	9606.ENSP00000247977
941	SNX11	29916	9606.ENSP00000377059
942	FAIM	55179	9606.ENSP00000342805
943	GTPBP8	29083	9606.ENSP00000373176
944	TLR4	7099	9606.ENSP00000363089
945	DENND2D	79961	9606.ENSP00000350266
946	PECR	55825	9606.ENSP00000265322
947	ARID4B	51742	9606.ENSP00000264183
948	FRS2	10818	9606.ENSP00000447241
949	ITFG1	81533	9606.ENSP00000319918
950	BNIP3L	665	9606.ENSP00000370003
951	ARPP19	10776	9606.ENSP00000454341
952	ATG3	64422	9606.ENSP00000283290
953	UTP14A	10813	9606.ENSP00000377944
954	WDR61	80349	9606.ENSP00000453801
955	EIF4EBP1	1978	9606.ENSP00000340691
956	GRWD1	83743	9606.ENSP00000253237
957	ABHD6	57406	9606.ENSP00000295962
958	SIRT3	23410	9606.ENSP00000372191
959	NOL3	8996	9606.ENSP00000457243
960	STAP2	55620	9606.ENSP00000468927
961	ACOT9	23597	9606.ENSP00000368605
962	CANT1	124583	9606.ENSP00000307674
963	YTHDF1	54915	9606.ENSP00000359364
964	HMGCS1	3157	9606.ENSP00000322706
965	MICALL1	85377	9606.ENSP00000215957
966	FAM63A	55793	
967	ATF1	466	9606.ENSP00000262053
968	P4HTM	54681	9606.ENSP00000341422
969	SLC27A3	11000	9606.ENSP00000271857
970	TBXA2R	6915	9606.ENSP00000393333
971	RTN2	6253	9606.ENSP00000245923
972	TSTA3	7264	9606.ENSP00000398803
973	PPARD	5467	9606.ENSP00000310928
974	GNA11	2767	9606.ENSP00000078429
975	WDTC1	23038	9606.ENSP00000317971
976	PLSCR3	57048	9606.ENSP00000459019
977	NPEPL1	79716	9606.ENSP00000348395
