canonical_row	l1000_symbol	entrez_id	hgnc_symbol	resolved_via
0	DDR1	780	DDR1	same
1	PAX8	7849	PAX8	same
2	RPS5	6193	RPS5	same
3	ABCF1	23	ABCF1	same
4	SPAG7	9552	SPAG7	same
5	RHOA	387	RHOA	same
6	RNPS1	10921	RNPS1	same
7	SMNDC1	10285	SMNDC1	same
8	ATP6V0B	533	ATP6V0B	same
9	RPS6	6194	RPS6	same
10	USP22	23326	USP22	same
11	APP	351	APP	same
12	CLTC	1213	CLTC	same
13	MLEC	9761	MLEC	same
14	CSRP1	1465	CSRP1	same
15	CALM3	808	CALM3	same
16	PTPRF	5792	PTPRF	same
17	DNAJB1	3337	DNAJB1	same
18	XBP1	7494	XBP1	same
19	GRN	2896	GRN	same
20	HK1	3098	HK1	same
21	KDELR2	11014	KDELR2	same
22	SKP1	6500	SKP1	same
23	CAPN1	823	CAPN1	same
24	CALU	813	CALU	same
25	CTSD	1509	CTSD	same
26	MAT2A	4144	MAT2A	same
27	STMN1	3925	STMN1	same
28	ECH1	1891	ECH1	same
29	IQGAP1	8826	IQGAP1	same
30	HSPA1A	3303	HSPA1A	same
31	HSPD1	3329	HSPD1	same
32	CIRBP	1153	CIRBP	same
33	PSME1	5720	PSME1	same
34	PAFAH1B1	5048	PAFAH1B1	same
35	HYOU1	10525	HYOU1	same
36	PSMD2	5708	PSMD2	same
37	EPRS	2058	EPRS1	entrez
38	PSMD4	5710	PSMD4	same
39	PGAM1	5223	PGAM1	same
40	STAT1	6772	STAT1	same
41	FKBP4	2288	FKBP4	same
42	KTN1	3895	KTN1	same
43	TMED10	10972	TMED10	same
44	ALDOA	226	ALDOA	same
45	TSPAN3	10099	TSPAN3	same
46	GNAS	2778	GNAS	same
47	HIF1A	3091	HIF1A	same
48	AARS	16	AARS1	entrez
49	RPN1	6184	RPN1	same
50	PAICS	10606	PAICS	same
51	BLCAP	10904	BLCAP	same
52	HADH	3033	HADH	same
53	GNAI2	2771	GNAI2	same
54	PSMF1	9491	PSMF1	same
55	MYL9	10398	MYL9	same
56	MMP2	4313	MMP2	same
57	SMARCC1	6599	SMARCC1	same
58	TM9SF2	9375	TM9SF2	same
59	PIP4K2B	8396	PIP4K2B	same
60	PXN	5829	PXN	same
61	COPB2	9276	COPB2	same
62	PFKL	5211	PFKL	same
63	PGRMC1	10857	PGRMC1	same
64	ITGB5	3693	ITGB5	same
65	PLP2	5355	PLP2	same
66	NFE2L2	4780	NFE2L2	same
67	MBNL1	4154	MBNL1	same
68	NMT1	4836	NMT1	same
69	BHLHE40	8553	BHLHE40	same
70	TERF2IP	54386	TERF2IP	same
71	FBXO7	25793	FBXO7	same
72	HTRA1	5654	HTRA1	same
73	LRPAP1	4043	LRPAP1	same
74	CREG1	8804	CREG1	same
75	PCNA	5111	PCNA	same
76	LGMN	5641	LGMN	same
77	ILK	3611	ILK	same
78	ATP1B1	481	ATP1B1	same
79	SYPL1	6856	SYPL1	same
80	TXNRD1	7296	TXNRD1	same
81	NUDCD3	23386	NUDCD3	same
82	TOP2A	7153	TOP2A	same
83	STK25	10494	STK25	same
84	EBNA1BP2	10969	EBNA1BP2	same
85	ARHGEF12	23365	ARHGEF12	same
86	SCP2	6342	SCP2	same
87	YME1L1	10730	YME1L1	same
88	TMEM109	79073	TMEM109	same
89	TPD52L2	7165	TPD52L2	same
90	CRTAP	10491	CRTAP	same
91	TRAP1	10131	TRAP1	same
92	IGF2R	3482	IGF2R	same
93	PHGDH	26227	PHGDH	same
94	LRP10	26020	LRP10	same
95	SOX4	6659	SOX4	same
96	CAT	847	CAT	same
97	RHEB	6009	RHEB	same
98	MAPKAPK2	9261	MAPKAPK2	same
99	SCRN1	9805	SCRN1	same
100	JUN	3725	JUN	same
101	SHC1	6464	SHC1	same
102	SQSTM1	8878	SQSTM1	same
103	PRCP	5547	PRCP	same
104	USP7	7874	USP7	same
105	NFKBIA	4792	NFKBIA	same
106	G3BP1	10146	G3BP1	same
107	TOMM70A	9868	TOMM70	entrez
108	RPA1	6117	RPA1	same
109	ZFP36	7538	ZFP36	same
110	DUSP3	1845	DUSP3	same
111	KDM5B	10765	KDM5B	same
112	MCM3	4172	MCM3	same
113	CLIC4	25932	CLIC4	same
114	CLSTN1	22883	CLSTN1	same
115	ID2	3398	ID2	same
116	DCTD	1635	DCTD	same
117	FAT1	2195	FAT1	same
118	SMC1A	8243	SMC1A	same
119	NISCH	11188	NISCH	same
120	PWP1	11137	PWP1	same
121	ICMT	23463	ICMT	same
122	RUVBL1	8607	RUVBL1	same
123	MBTPS1	8720	MBTPS1	same
124	INSIG1	3638	INSIG1	same
125	RRAGA	10670	RRAGA	same
126	IER3	8870	IER3	same
127	UBE2L6	9246	UBE2L6	same
128	SMC4	10051	SMC4	same
129	USP14	9097	USP14	same
130	EGR1	1958	EGR1	same
131	PNP	4860	PNP	same
132	DNMT1	1786	DNMT1	same
133	CCND3	896	CCND3	same
134	NIPSNAP1	8508	NIPSNAP1	same
135	MYBL2	4605	MYBL2	same
136	EPB41L2	2037	EPB41L2	same
137	ELAVL1	1994	ELAVL1	same
138	KIAA0100	9703	BLTP2	entrez
139	TP53	7157	TP53	same
140	RPA2	6118	RPA2	same
141	MTHFD2	10797	MTHFD2	same
142	PSME2	5721	PSME2	same
143	DAXX	1616	DAXX	same
144	ELAC2	60528	ELAC2	same
145	NCAPD2	9918	NCAPD2	same
146	EFCAB14	9813	EFCAB14	same
147	DDX42	11325	DDX42	same
148	LBR	3930	LBR	same
149	SH3BP5	9467	SH3BP5	same
150	UBE3C	9690	UBE3C	same
151	SCARB1	949	SCARB1	same
152	SCCPDH	51097	SCCPDH	same
153	SMARCD2	6603	SMARCD2	same
154	NET1	10276	NET1	same
155	HDAC2	3066	HDAC2	same
156	HSPB1	3315	HSPB1	same
157	LIPA	3988	LIPA	same
158	BNIP3	664	BNIP3	same
159	CDC25B	994	CDC25B	same
160	ATMIN	23300	ATMIN	same
161	TOMM34	10953	TOMM34	same
162	MPZL1	9019	MPZL1	same
163	IL13RA1	3597	IL13RA1	same
164	PSRC1	84722	PSRC1	same
165	UBE2A	7319	UBE2A	same
166	COASY	80347	COASY	same
167	LRRC41	10489	LRRC41	same
168	MYCBP2	23077	MYCBP2	same
169	RBM6	10180	RBM6	same
170	PGM1	5236	PGM1	same
171	MYO10	4651	MYO10	same
172	RSU1	6251	RSU1	same
173	EGFR	1956	EGFR	same
174	KIAA0196	9897	WASHC5	entrez
175	EXT1	2131	EXT1	same
176	SPEN	23013	SPEN	same
177	PTPN12	5782	PTPN12	same
178	TWF2	11344	TWF2	same
179	TJP1	7082	TJP1	same
180	MEST	4232	MEST	same
181	ALDOC	230	ALDOC	same
182	KDM5A	5927	KDM5A	same
183	RAI14	26064	RAI14	same
184	BIRC2	329	BIRC2	same
185	CTSL	1514	CTSL	same
186	PAF1	54623	PAF1	same
187	BIRC5	332	BIRC5	same
188	RALB	5899	RALB	same
189	ARFIP2	23647	ARFIP2	same
190	ARHGAP1	392	ARHGAP1	same
191	CPNE3	8895	CPNE3	same
192	ABL1	25	ABL1	same
193	TRAK2	66008	TRAK2	same
194	PYCR1	5831	PYCR1	same
195	NUP62	23636	NUP62	same
196	PCM1	5108	PCM1	same
197	BLMH	642	BLMH	same
198	MVP	9961	MVP	same
199	NUP133	55746	NUP133	same
200	PLOD3	8985	PLOD3	same
201	PPP2R5A	5525	PPP2R5A	same
202	NUP93	9688	NUP93	same
203	ARL4C	10123	ARL4C	same
204	KIAA0907	22889	KHDC4	entrez
205	CRK	1398	CRK	same
206	CHERP	10523	CHERP	same
207	PLK1	5347	PLK1	same
208	TRIB1	10221	TRIB1	same
209	CDK4	1019	CDK4	same
210	STXBP1	6812	STXBP1	same
211	VPS72	6944	VPS72	same
212	HSD17B10	3028	HSD17B10	same
213	CDKN1A	1026	CDKN1A	same
214	COL1A1	1277	COL1A1	same
215	SENP6	26054	SENP6	same
216	ACBD3	64746	ACBD3	same
217	CSK	1445	CSK	same
218	CSNK1E	1454	CSNK1E	same
219	TOR1A	1861	TOR1A	same
220	TRAM2	9697	TRAM2	same
221	TCEAL4	79921	TCEAL4	same
222	GNPDA1	10007	GNPDA1	same
223	RGS2	5997	RGS2	same
224	ABCF3	55324	ABCF3	same
225	TCERG1	10915	TCERG1	same
226	USP1	7398	USP1	same
227	KEAP1	9817	KEAP1	same
228	KAT6A	7994	KAT6A	same
229	MPC2	25874	MPC2	same
230	MYC	4609	MYC	same
231	SLC35B1	10237	SLC35B1	same
232	PLSCR1	5359	PLSCR1	same
233	DECR1	1666	DECR1	same
234	ERBB3	2065	ERBB3	same
235	PRSS23	11098	PRSS23	same
236	PAPD7	11044	TENT4A	entrez
237	CTNNAL1	8727	CTNNAL1	same
238	IKBKAP	8518	ELP1	entrez
239	PPIE	10450	PPIE	same
240	DNAJB2	3300	DNAJB2	same
241	SNAP25	6616	SNAP25	same
242	BCL7B	9275	BCL7B	same
243	GALE	2582	GALE	same
244	HMGCR	3156	HMGCR	same
245	PRKCD	5580	PRKCD	same
246	VAPB	9217	VAPB	same
247	MYLK	4638	MYLK	same
248	S100A13	6284	S100A13	same
249	NRIP1	8204	NRIP1	same
250	HTATSF1	27336	HTATSF1	same
251	ADAM10	102	ADAM10	same
252	EAPP	55837	EAPP	same
253	SERPINE1	5054	SERPINE1	same
254	APPBP2	10513	APPBP2	same
255	TOPBP1	11073	TOPBP1	same
256	POLR2K	5440	POLR2K	same
257	ICAM1	3383	ICAM1	same
258	NRAS	4893	NRAS	same
259	LPGAT1	9926	LPGAT1	same
260	PSMB10	5699	PSMB10	same
261	SDHB	6390	SDHB	same
262	RASA1	5921	RASA1	same
263	GTF2A2	2958	GTF2A2	same
264	NPC1	4864	NPC1	same
265	GTF2E2	2961	GTF2E2	same
266	RNMT	8731	RNMT	same
267	RBM15B	29890	RBM15B	same
268	OXSR1	9943	OXSR1	same
269	DUSP11	8446	DUSP11	same
270	CCNB2	9133	CCNB2	same
271	HIST2H2BE	8349	H2BC21	entrez
272	PTPN1	5770	PTPN1	same
273	TES	26136	TES	same
274	GFPT1	2673	GFPT1	same
275	LIG1	3978	LIG1	same
276	PKIG	11142	PKIG	same
277	P4HA2	8974	P4HA2	same
278	EBP	10682	EBP	same
279	PHKB	5257	PHKB	same
280	PIK3R3	8503	PIK3R3	same
281	WRB	7485	GET1	entrez
282	GPC1	2817	GPC1	same
283	SYNE2	23224	SYNE2	same
284	CASP3	836	CASP3	same
285	DNTTIP2	30836	DNTTIP2	same
286	ZMYM2	7750	ZMYM2	same
287	OXCT1	5019	OXCT1	same
288	NNT	23530	NNT	same
289	MAPKAPK3	7867	MAPKAPK3	same
290	INPP1	3628	INPP1	same
291	SACM1L	22908	SACM1L	same
292	PRKACA	5566	PRKACA	same
293	INTS3	65123	INTS3	same
294	STAMBP	10617	STAMBP	same
295	GAA	2548	GAA	same
296	TARBP1	6894	TARBP1	same
297	SLC25A4	291	SLC25A4	same
298	SLC37A4	2542	SLC37A4	same
299	PCK2	5106	PCK2	same
300	HPRT1	3251	HPRT1	same
301	FAH	2184	FAH	same
302	POP4	10775	POP4	same
303	CDC20	991	CDC20	same
304	CYTH1	9267	CYTH1	same
305	DDIT4	54541	DDIT4	same
306	MAP7	9053	MAP7	same
307	NIT1	4817	NIT1	same
308	NUP88	4927	NUP88	same
309	WFS1	7466	WFS1	same
310	ADGRE5	976	ADGRE5	same
311	MSH6	2956	MSH6	same
312	FAM20B	9917	FAM20B	same
313	PIN1	5300	PIN1	same
314	ETFB	2109	ETFB	same
315	FPGS	2356	FPGS	same
316	FHL2	2274	FHL2	same
317	CRYZ	1429	CRYZ	same
318	UBE2C	11065	UBE2C	same
319	RFX5	5993	RFX5	same
320	ARNT2	9915	ARNT2	same
321	PYGL	5836	PYGL	same
322	POLD4	57804	POLD4	same
323	LYPLA1	10434	LYPLA1	same
324	ECD	11319	ECD	same
325	PTPRK	5796	PTPRK	same
326	TIMELESS	8914	TIMELESS	same
327	STK10	6793	STK10	same
328	TP53BP1	7158	TP53BP1	same
329	TCTA	6988	TCTA	same
330	PDHX	8050	PDHX	same
331	KLHL21	9903	KLHL21	same
332	COG2	22796	COG2	same
333	DNM1L	10059	DNM1L	same
334	PTK2B	2185	PTK2B	same
335	PAN2	9924	PAN2	same
336	CCDC86	79080	CCDC86	same
337	TP53BP2	7159	TP53BP2	same
338	SLC11A2	4891	SLC11A2	same
339	SPTLC2	9517	SPTLC2	same
340	KIF5C	3800	KIF5C	same
341	RB1	5925	RB1	same
342	TBP	6908	TBP	same
343	HAT1	8520	HAT1	same
344	PAK4	10298	PAK4	same
345	TIMP2	7077	TIMP2	same
346	RRP8	23378	RRP8	same
347	S100A4	6275	S100A4	same
348	B4GAT1	11041	B4GAT1	same
349	ABCB6	10058	ABCB6	same
350	PMM2	5373	PMM2	same
351	MTFR1	9650	MTFR1	same
352	RFC5	5985	RFC5	same
353	CDK1	983	CDK1	same
354	ST3GAL5	8869	ST3GAL5	same
355	MAPK9	5601	MAPK9	same
356	TLE1	7088	TLE1	same
357	PAFAH1B3	5050	PAFAH1B3	same
358	IL4R	3566	IL4R	same
359	NPRL2	10641	NPRL2	same
360	CDH3	1001	CDH3	same
361	DRAP1	10589	DRAP1	same
362	DFFA	1676	DFFA	same
363	EDEM1	9695	EDEM1	same
364	HS2ST1	9653	HS2ST1	same
365	KIAA0355	9710	GARRE1	entrez
366	CNOT4	4850	CNOT4	same
367	DMTF1	9988	DMTF1	same
368	DCK	1633	DCK	same
369	DYNLT3	6990	DYNLT3	same
370	BAMBI	25805	BAMBI	same
371	SLC35A1	10559	SLC35A1	same
372	NCK2	8440	NCK2	same
373	ITGB1BP1	9270	ITGB1BP1	same
374	PPP2R5E	5529	PPP2R5E	same
375	CEBPZ	10153	CEBPZ	same
376	TIMM17B	10245	TIMM17B	same
377	UGDH	7358	UGDH	same
378	MTF2	22823	MTF2	same
379	EZH2	2146	EZH2	same
380	MYCBP	26292	MYCBP	same
381	DUSP14	11072	DUSP14	same
382	SOCS2	8835	SOCS2	same
383	RPS6KA1	6195	RPS6KA1	same
384	APOE	348	APOE	same
385	HES1	3280	HES1	same
386	PSMG1	8624	PSMG1	same
387	SATB1	6304	SATB1	same
388	DDB2	1643	DDB2	same
389	CCNA2	890	CCNA2	same
390	EML3	256364	EML3	same
391	PRAF2	11230	PRAF2	same
392	SPR	6697	SPR	same
393	EPN2	22905	EPN2	same
394	MRPL19	9801	MRPL19	same
395	CEP57	9702	CEP57	same
396	TRAPPC3	27095	TRAPPC3	same
397	ZNF318	24149	ZNF318	same
398	STX4	6810	STX4	same
399	IPO13	9670	IPO13	same
400	PCBD1	5092	PCBD1	same
401	MNAT1	4331	MNAT1	same
402	AGL	178	AGL	same
403	LOXL1	4016	LOXL1	same
404	NFIL3	4783	NFIL3	same
405	CSNK2A2	1459	CSNK2A2	same
406	RAB4A	5867	RAB4A	same
407	POLB	5423	POLB	same
408	IGF1R	3480	IGF1R	same
409	FGFR2	2263	FGFR2	same
410	MBNL2	10150	MBNL2	same
411	TATDN2	9797	TATDN2	same
412	TRIM13	10206	TRIM13	same
413	HMOX1	3162	HMOX1	same
414	NUCB2	4925	NUCB2	same
415	BCL2	596	BCL2	same
416	RFC2	5982	RFC2	same
417	FZD7	8324	FZD7	same
418	PHKG2	5261	PHKG2	same
419	GADD45A	1647	GADD45A	same
420	LAMA3	3909	LAMA3	same
421	SKIV2L	6499	SKIC2	entrez
422	BUB1B	701	BUB1B	same
423	SLC25A13	10165	SLC25A13	same
424	SSBP2	23635	SSBP2	same
425	AKAP8	10270	AKAP8	same
426	PDIA5	10954	PDIA5	same
427	RAB11FIP2	22841	RAB11FIP2	same
428	RAB21	23011	RAB21	same
429	LYRM1	57149	LYRM1	same
430	RAP1GAP	5909	RAP1GAP	same
431	TCEA2	6919	TCEA2	same
432	NFKBIE	4794	NFKBIE	same
433	MRPL12	6182	MRPL12	same
434	ATF6	22926	ATF6	same
435	CEBPD	1052	CEBPD	same
436	GNB5	10681	GNB5	same
437	DUSP4	1846	DUSP4	same
438	CEBPA	1050	CEBPA	same
439	WASF3	10810	WASF3	same
440	PRKX	5613	PRKX	same
441	SLC5A6	8884	SLC5A6	same
442	MAP3K4	4216	MAP3K4	same
443	AURKA	6790	AURKA	same
444	CCNH	902	CCNH	same
445	TESK1	7016	TESK1	same
446	CDC45	8318	CDC45	same
447	FOXO3	2309	FOXO3	same
448	ENOSF1	55556	ENOSF1	same
449	IFNAR1	3454	IFNAR1	same
450	CDK2	1017	CDK2	same
451	ELOVL6	79071	ELOVL6	same
452	PMAIP1	5366	PMAIP1	same
453	PIK3C3	5289	PIK3C3	same
454	CREB1	1385	CREB1	same
455	PIK3CA	5290	PIK3CA	same
456	GSTM2	2946	GSTM2	same
457	FOSL1	8061	FOSL1	same
458	FZD1	8321	FZD1	same
459	PLA2G15	23659	PLA2G15	same
460	SNCA	6622	SNCA	same
461	MMP1	4312	MMP1	same
462	PIK3C2B	5287	PIK3C2B	same
463	CD44	960	CD44	same
464	DPH2	1802	DPH2	same
465	PPIC	5480	PPIC	same
466	BRCA1	672	BRCA1	same
467	ST6GALNAC2	10610	ST6GALNAC2	same
468	IKBKE	9641	IKBKE	same
469	FGFR4	2264	FGFR4	same
470	SLC25A14	9016	SLC25A14	same
471	CGRRF1	10668	CGRRF1	same
472	CCDC85B	11007	CCDC85B	same
473	ACD	65057	ACD	same
474	TFAP2A	7020	TFAP2A	same
475	SHB	6461	SHB	same
476	CCP110	9738	CCP110	same
477	KCNK1	3775	KCNK1	same
478	CDC25A	993	CDC25A	same
479	KIAA0753	9851	KIAA0753	same
480	NCK1	4690	NCK1	same
481	STX1A	6804	STX1A	same
482	PTGS2	5743	PTGS2	same
483	MAP2K5	5607	MAP2K5	same
484	C2CD2L	9854	C2CD2L	same
485	USP6NL	9712	USP6NL	same
486	FAS	355	FAS	same
487	PPOX	5498	PPOX	same
488	TMEM5	10329	RXYLT1	entrez
489	CLPX	10845	CLPX	same
490	ZW10	9183	ZW10	same
491	MELK	9833	MELK	same
492	CCNF	899	CCNF	same
493	RAD9A	5883	RAD9A	same
494	TCFL5	10732	TCFL5	same
495	ZNF274	10782	ZNF274	same
496	ICAM3	3385	ICAM3	same
497	DDX10	1662	DDX10	same
498	TRAPPC6A	79090	TRAPPC6A	same
499	CDK5R1	8851	CDK5R1	same
500	ATF5	22809	ATF5	same
501	STAT5B	6777	STAT5B	same
502	CCNE2	9134	CCNE2	same
503	LSM6	11157	LSM6	same
504	IKZF1	10320	IKZF1	same
505	CENPE	1062	CENPE	same
506	KIT	3815	KIT	same
507	ITGAE	3682	ITGAE	same
508	IL1B	3553	IL1B	same
509	ORC1	4998	ORC1	same
510	MAMLD1	10046	MAMLD1	same
511	SGCB	6443	SGCB	same
512	MOK	5891	MOK	same
513	CD40	958	CD40	same
514	PEX11A	8800	PEX11A	same
515	CLTB	1212	CLTB	same
516	CD58	965	CD58	same
517	PLS1	5357	PLS1	same
518	PCMT1	5110	PCMT1	same
519	RELB	5971	RELB	same
520	GNA15	2769	GNA15	same
521	INPP4B	8821	INPP4B	same
522	CBR3	874	CBR3	same
523	CHEK1	1111	CHEK1	same
524	SMAD3	4088	SMAD3	same
525	DAG1	1605	DAG1	same
526	PHKA1	5255	PHKA1	same
527	FOXO4	4303	FOXO4	same
528	PIGB	9488	PIGB	same
529	PDGFA	5154	PDGFA	same
530	CASP10	843	CASP10	same
531	GHR	2690	GHR	same
532	C5	727	C5	same
533	BTK	695	BTK	same
534	RPP38	10557	RPP38	same
535	SNX7	51375	SNX7	same
536	NOS3	4846	NOS3	same
537	SCYL3	57147	SCYL3	same
538	ALAS1	211	ALAS1	same
539	SYNGR3	9143	SYNGR3	same
540	BPHL	670	BPHL	same
541	POLG2	11232	POLG2	same
542	NOLC1	9221	NOLC1	same
543	NFATC4	4776	NFATC4	same
544	CCNA1	8900	CCNA1	same
545	POLE2	5427	POLE2	same
546	DNAJA3	9093	DNAJA3	same
547	FOXJ3	22887	FOXJ3	same
548	RNH1	6050	RNH1	same
549	RAD51C	5889	RAD51C	same
550	EPHA3	2042	EPHA3	same
551	PRKCH	5583	PRKCH	same
552	FUT1	2523	FUT1	same
553	ADRB2	154	ADRB2	same
554	GABPB1	2553	GABPB1	same
555	EGF	1950	EGF	same
556	KIF14	9928	KIF14	same
557	ETV1	2115	ETV1	same
558	CSNK1A1	1452	CSNK1A1	same
559	MAP4K4	9448	MAP4K4	same
560	GLRX	2745	GLRX	same
561	PTPN6	5777	PTPN6	same
562	CPSF4	10898	CPSF4	same
563	LPAR2	9170	LPAR2	same
564	DFFB	1677	DFFB	same
565	SLC35A3	23443	SLC35A3	same
566	HDAC6	10013	HDAC6	same
567	GLI2	2736	GLI2	same
568	CDKN2A	1029	CDKN2A	same
569	E2F2	1870	E2F2	same
570	CDK6	1021	CDK6	same
571	AKT1	207	AKT1	same
572	CASP7	840	CASP7	same
573	TNIP1	10318	TNIP1	same
574	TERT	7015	TERT	same
575	PTPRC	5788	PTPRC	same
576	TGFBR2	7048	TGFBR2	same
577	NFATC3	4775	NFATC3	same
578	RAC2	5880	RAC2	same
579	POLR1C	9533	POLR1C	same
580	NFKB2	4791	NFKB2	same
581	SYK	6850	SYK	same
582	CASK	8573	CASK	same
583	NCOA3	8202	NCOA3	same
584	PSMD9	5715	PSMD9	same
585	PROS1	5627	PROS1	same
586	CASC3	22794	CASC3	same
587	MUC1	4582	MUC1	same
588	ST7	7982	ST7	same
589	NVL	4931	NVL	same
590	MEF2C	4208	MEF2C	same
591	CHP1	11261	CHP1	same
592	HMGA2	8091	HMGA2	same
593	CASP2	835	CASP2	same
594	LSR	51599	LSR	same
595	MALT1	10892	MALT1	same
596	TBPL1	9519	TBPL1	same
597	CTNND1	1500	CTNND1	same
598	CIAPIN1	57019	CIAPIN1	same
599	BAX	581	BAX	same
600	PPARG	5468	PPARG	same
601	SPTAN1	6709	SPTAN1	same
602	EIF4G1	1981	EIF4G1	same
603	VAT1	10493	VAT1	same
604	MACF1	23499	MACF1	same
605	PARP1	142	PARP1	same
606	FDFT1	2222	FDFT1	same
607	HSPA8	3312	HSPA8	same
608	PDLIM1	9124	PDLIM1	same
609	EIF5	1983	EIF5	same
610	CCND1	595	CCND1	same
611	TMCO1	54499	TMCO1	same
612	OXA1L	5018	OXA1L	same
613	CDC42	998	CDC42	same
614	TSC22D3	1831	TSC22D3	same
615	PTK2	5747	PTK2	same
616	ADH5	128	ADH5	same
617	REEP5	7905	REEP5	same
618	DUSP6	1848	DUSP6	same
619	HLA-DRA	3122	HLA-DRA	same
620	ATP6V1D	51382	ATP6V1D	same
621	CYCS	54205	CYCS	same
622	CAST	831	CAST	same
623	LGALS8	3964	LGALS8	same
624	BECN1	8678	BECN1	same
625	ALDH7A1	501	ALDH7A1	same
626	STAT3	6774	STAT3	same
627	DNAJB6	10049	DNAJB6	same
628	COPS7A	50813	COPS7A	same
629	PSMB8	5696	PSMB8	same
630	XPNPEP1	7511	XPNPEP1	same
631	RALGDS	5900	RALGDS	same
632	CORO1A	11151	CORO1A	same
633	GLOD4	51031	GLOD4	same
634	DLD	1738	DLD	same
635	IFRD2	7866	IFRD2	same
636	TSPAN6	7105	TSPAN6	same
637	CDKN1B	1027	CDKN1B	same
638	PRPF4	9128	PRPF4	same
639	CYB561	1534	CYB561	same
640	MAN2B1	4125	MAN2B1	same
641	MBOAT7	79143	MBOAT7	same
642	FOS	2353	FOS	same
643	TUBB6	84617	TUBB6	same
644	CBR1	873	CBR1	same
645	MFSD10	10227	SLC75A1	entrez
646	SORBS3	10174	SORBS3	same
647	SMC3	9126	SMC3	same
648	SFN	2810	SFN	same
649	NR2F6	2063	NR2F6	same
650	TSPAN4	7106	TSPAN4	same
651	GADD45B	4616	GADD45B	same
652	PSIP1	11168	PSIP1	same
653	IKBKB	3551	IKBKB	same
654	BAD	572	BAD	same
655	STXBP2	6813	STXBP2	same
656	ABCC5	10057	ABCC5	same
657	KIF2C	11004	KIF2C	same
658	GRB10	2887	GRB10	same
659	ARHGEF2	9181	ARHGEF2	same
660	AURKB	9212	AURKB	same
661	MKNK1	8569	MKNK1	same
662	RPA3	6119	RPA3	same
663	RAB27A	5873	RAB27A	same
664	HDGFRP3	50810	HDGFL3	entrez
665	GSTZ1	2954	GSTZ1	same
666	RRS1	23212	RRS1	same
667	EED	8726	EED	same
668	GNAI1	2770	GNAI1	same
669	PRUNE	58497	PRUNE1	entrez
670	EPHB2	2048	EPHB2	same
671	GATA3	2625	GATA3	same
672	ACAT2	39	ACAT2	same
673	PAK1	5058	PAK1	same
674	CETN3	1070	CETN3	same
675	CBLB	868	CBLB	same
676	GATA2	2624	GATA2	same
677	TGFB3	7043	TGFB3	same
678	CXCL2	2920	CXCL2	same
679	HIST1H2BK	85236	H2BC12	entrez
680	ANXA7	310	ANXA7	same
681	SPP1	6696	SPP1	same
682	PUF60	22827	PUF60	same
683	CFLAR	8837	CFLAR	same
684	PRKCQ	5588	PRKCQ	same
685	MAPK13	5603	MAPK13	same
686	FYN	2534	FYN	same
687	RPL39L	116832	RPL39L	same
688	PLA2G4A	5321	PLA2G4A	same
689	DYRK3	8444	DYRK3	same
690	ME2	4200	ME2	same
691	ACLY	47	ACLY	same
692	CHEK2	11200	CHEK2	same
693	GPER1	2852	GPER1	same
694	HMG20B	10362	HMG20B	same
695	LYN	4067	LYN	same
696	GRB7	2886	GRB7	same
697	DHRS7	51635	DHRS7	same
698	TPM1	7168	TPM1	same
699	HSPA4	3308	HSPA4	same
700	MLLT11	10962	MLLT11	same
701	CDK7	1022	CDK7	same
702	RAE1	8480	RAE1	same
703	BMP4	652	BMP4	same
704	BDH1	622	BDH1	same
705	BID	637	BID	same
706	BLVRA	644	BLVRA	same
707	LSM5	23658	LSM5	same
708	TXNDC9	10190	TXNDC9	same
709	MTA1	9112	MTA1	same
710	CXCR4	7852	CXCR4	same
711	COL4A1	1282	COL4A1	same
712	RNF167	26001	RNF167	same
713	WIPF2	147179	WIPF2	same
714	TBC1D9B	23061	TBC1D9B	same
715	ADGRG1	9289	ADGRG1	same
716	HN1L	90861	JPT2	entrez
717	ZMIZ1	57178	ZMIZ1	same
718	PDS5A	23244	PDS5A	same
719	IGFBP3	3486	IGFBP3	same
720	XPO7	23039	XPO7	same
721	CRKL	1399	CRKL	same
722	COG4	25839	COG4	same
723	H2AFV	94239	H2AZ2	entrez
724	FBXO21	23014	FBXO21	same
725	ATP2C1	27032	ATP2C1	same
726	TMEM97	27346	TMEM97	same
727	SUZ12	23512	SUZ12	same
728	TXLNA	200081	TXLNA	same
729	TFDP1	7027	TFDP1	same
730	VGLL4	9686	VGLL4	same
731	UBE3B	89910	UBE3B	same
732	KIF1BP	26128	KIFBP	entrez
733	SPRED2	200734	SPRED2	same
734	KAT6B	23522	KAT6B	same
735	GPATCH8	23131	GPATCH8	same
736	ADO	84890	ADO	same
737	ATP11B	23200	ATP11B	same
738	ZNF451	26036	ZNF451	same
739	RBM34	23029	RBM34	same
740	ARID5B	84159	ARID5B	same
741	CHN1	1123	CHN1	same
742	MAPK1IP1L	93487	MAPK1IP1L	same
743	DHX29	54505	DHX29	same
744	JADE2	23338	JADE2	same
745	TIPARP	25976	TIPARP	same
746	KDM3A	55818	KDM3A	same
747	PCCB	5096	PCCB	same
748	PLEKHM1	9842	PLEKHM1	same
749	JMJD6	23210	JMJD6	same
750	PIK3R4	30849	PIK3R4	same
751	CAMSAP2	23271	CAMSAP2	same
752	KIAA1033	23325	WASHC4	entrez
753	SLC1A4	6509	SLC1A4	same
754	ASCC3	10973	ASCC3	same
755	SLC25A46	91137	SLC25A46	same
756	RRP1B	23076	RRP1B	same
757	AXIN1	8312	AXIN1	same
758	DCUN1D4	23142	DCUN1D4	same
759	MAPKAPK5	8550	MAPKAPK5	same
760	C2CD2	25966	C2CD2	same
761	WDR7	23335	WDR7	same
762	SUPV3L1	6832	SUPV3L1	same
763	CDK19	23097	CDK19	same
764	THAP11	57215	THAP11	same
765	C2CD5	9847	C2CD5	same
766	POLR2I	5438	POLR2I	same
767	RFNG	5986	RFNG	same
768	RPIA	22934	RPIA	same
769	TLK2	11011	TLK2	same
770	TIAM1	7074	TIAM1	same
771	HOXA10	3206	HOXA10	same
772	COG7	91949	COG7	same
773	TICAM1	148022	TICAM1	same
774	KLHL9	55958	KLHL9	same
775	SNX13	23161	SNX13	same
776	SRC	6714	SRC	same
777	GDPD5	81544	GDPD5	same
778	PLCB3	5331	PLCB3	same
779	TBX2	6909	TBX2	same
780	APBB2	323	APBB2	same
781	FCHO1	23149	FCHO1	same
782	FAM69A	388650	DIPK1A	entrez
783	ASAH1	427	ASAH1	same
784	SMARCA4	6597	SMARCA4	same
785	SOX2	6657	SOX2	same
786	HOXA5	3202	HOXA5	same
787	TMEM110	375346	STIMATE	entrez
788	ATP5S	27109	DMAC2L	entrez
789	TBC1D31	93594	TBC1D31	same
790	NFKBIB	4793	NFKBIB	same
791	CTTN	2017	CTTN	same
792	PARP2	10038	PARP2	same
793	AKR7A2	8574	AKR7A2	same
794	ACAA1	30	ACAA1	same
795	SPDEF	25803	SPDEF	same
796	RALA	5898	RALA	same
797	ETS1	2113	ETS1	same
798	CCNB1	891	CCNB1	same
799	ZNF131	7690	ZBTB35	entrez
800	FEZ2	9637	FEZ2	same
801	NSDHL	50814	NSDHL	same
802	DNM1	1759	DNM1	same
803	UBQLN2	29978	UBQLN2	same
804	MAST2	23139	MAST2	same
805	TRIM2	23321	TRIM2	same
806	IGHMBP2	3508	IGHMBP2	same
807	NR3C1	2908	NR3C1	same
808	PPP1R13B	23368	PPP1R13B	same
809	CCL2	6347	CCL2	same
810	ERBB2	2064	ERBB2	same
811	RRP12	23223	RRP12	same
812	HOMER2	9455	HOMER2	same
813	VDAC1	7416	VDAC1	same
814	HERPUD1	9709	HERPUD1	same
815	GAPDH	2597	GAPDH	same
816	HLA-DMA	3108	HLA-DMA	same
817	IDE	3416	IDE	same
818	NGRN	51335	NGRN	same
819	CNDP2	55748	CNDP2	same
820	TM9SF3	56889	TM9SF3	same
821	ADI1	55256	ADI1	same
822	RAB31	11031	RAB31	same
823	TMEM50A	23585	TMEM50A	same
824	HACD3	51495	HACD3	same
825	YKT6	10652	YKT6	same
826	SNX6	58533	SNX6	same
827	BZW2	28969	BZW2	same
828	UBE2J1	51465	UBE2J1	same
829	EVL	51466	EVL	same
830	BACE2	25825	BACE2	same
831	MIF	4282	MIF	same
832	PIH1D1	55011	PIH1D1	same
833	CAB39	51719	CAB39	same
834	IARS2	55699	IARS2	same
835	DSG2	1829	DSG2	same
836	KLHDC2	23588	KLHDC2	same
837	BAG3	9531	BAG3	same
838	CNPY3	10695	CNPY3	same
839	LAP3	51056	LAP3	same
840	STUB1	10273	STUB1	same
841	NOSIP	51070	NOSIP	same
842	ENOPH1	58478	ENOPH1	same
843	HSD17B11	51170	HSD17B11	same
844	SQRDL	58472	SQOR	entrez
845	MRPS2	51116	MRPS2	same
846	NUP85	79902	NUP85	same
847	FIS1	51024	FIS1	same
848	NUSAP1	51203	NUSAP1	same
849	MRPS16	51021	MRPS16	same
850	UFM1	51569	UFM1	same
851	NT5DC2	64943	NT5DC2	same
852	AKAP8L	26993	AKAP8L	same
853	NPDC1	56654	NPDC1	same
854	ANKRD10	55608	ANKRD10	same
855	DERA	51071	DERA	same
856	TEX10	54881	TEX10	same
857	UBR7	55148	UBR7	same
858	TMEM2	23670	CEMIP2	entrez
859	TRIB3	57761	TRIB3	same
860	ZNF395	55893	ZNF395	same
861	ADCK3	56997	COQ8A	entrez
862	ISOC1	51015	ISOC1	same
863	CCDC92	80212	CCDC92	same
864	GOLT1B	51026	GOLT1B	same
865	SCAND1	51282	SCAND1	same
866	NR1H2	7376	NR1H2	same
867	TSKU	25987	TSKU	same
868	ZDHHC6	64429	ZDHHC6	same
869	PLEKHJ1	55111	PLEKHJ1	same
870	PRKAG2	51422	PRKAG2	same
871	TIMM9	26520	TIMM9	same
872	SESN1	27244	SESN1	same
873	GMNN	51053	GMNN	same
874	CRELD2	79174	CRELD2	same
875	NUDT9	53343	NUDT9	same
876	CDCA4	55038	CDCA4	same
877	NENF	29937	NENF	same
878	CERK	64781	CERK	same
879	DNAJC15	29103	DNAJC15	same
880	HEBP1	50865	HEBP1	same
881	DNMT3A	1788	DNMT3A	same
882	KCTD5	54442	KCTD5	same
883	ERO1A	30001	ERO1A	same
884	CD320	51293	CD320	same
885	DHDDS	79947	DHDDS	same
886	CHMP4A	29082	CHMP4A	same
887	ABHD4	63874	ABHD4	same
888	TCTN1	79600	TCTN1	same
889	HEATR1	55127	HEATR1	same
890	CISD1	55847	CISD1	same
891	SUV39H1	6839	SUV39H1	same
892	VPS28	51160	VPS28	same
893	EXOSC4	54512	EXOSC4	same
894	NARFL	64428	CIAO3	entrez
895	CHMP6	79643	CHMP6	same
896	PACSIN3	29763	PACSIN3	same
897	KIF20A	10112	KIF20A	same
898	HOOK2	29911	HOOK2	same
899	TXNL4B	54957	TXNL4B	same
900	VAV3	10451	VAV3	same
901	SLC35F2	54733	SLC35F2	same
902	DUSP22	56940	DUSP22	same
903	IGF2BP2	10644	IGF2BP2	same
904	PPP2R3C	55012	PPP2R3C	same
905	TNFRSF21	27242	TNFRSF21	same
906	FAM57A	79850	TLCD3A	entrez
907	NOTCH1	4851	NOTCH1	same
908	ANO10	55129	ANO10	same
909	PNKP	11284	PNKP	same
910	EDN1	1906	EDN1	same
911	FASTKD5	60493	FASTKD5	same
912	METRN	79006	METRN	same
913	LAGE3	8270	LAGE3	same
914	PXMP2	5827	PXMP2	same
915	AMDHD2	51005	AMDHD2	same
916	PRR15L	79170	PRR15L	same
917	FSD1	79187	FSD1	same
918	TIMM22	29928	TIMM22	same
919	FBXO11	80204	FBXO11	same
920	RBKS	64080	RBKS	same
921	CHAC1	79094	CHAC1	same
922	MSRA	4482	MSRA	same
923	HERC6	55008	HERC6	same
924	MTERF3	51001	MTERF3	same
925	ADAT1	23536	ADAT1	same
926	FKBP14	55033	FKBP14	same
927	PAK6	56924	PAK6	same
928	PSMD10	5716	PSMD10	same
929	CHIC2	26511	CHIC2	same
930	LRRC16A	55604	CARMIL1	entrez
931	TSEN2	80746	TSEN2	same
932	ZNF586	54807	ZNF586	same
933	PRR7	80758	PRR7	same
934	GFOD1	54438	GFOD1	same
935	SPAG4	6676	SPAG4	same
936	MCOLN1	57192	MCOLN1	same
937	ZNF589	51385	ZNF589	same
938	SLC2A6	11182	SLC2A6	same
939	MCUR1	63933	MCUR1	same
940	FBXL12	54850	FBXL12	same
941	SNX11	29916	SNX11	same
942	FAIM	55179	FAIM	same
943	GTPBP8	29083	GTPBP8	same
944	TLR4	7099	TLR4	same
945	DENND2D	79961	DENND2D	same
946	PECR	55825	PECR	same
947	ARID4B	51742	ARID4B	same
948	FRS2	10818	FRS2	same
949	ITFG1	81533	ITFG1	same
950	BNIP3L	665	BNIP3L	same
951	ARPP19	10776	ARPP19	same
952	ATG3	64422	ATG3	same
953	UTP14A	10813	UTP14A	same
954	WDR61	80349	SKIC8	entrez
955	EIF4EBP1	1978	EIF4EBP1	same
956	GRWD1	83743	GRWD1	same
957	ABHD6	57406	ABHD6	same
958	SIRT3	23410	SIRT3	same
959	NOL3	8996	NOL3	same
960	STAP2	55620	STAP2	same
961	ACOT9	23597	ACOT9	same
962	CANT1	124583	CANT1	same
963	YTHDF1	54915	YTHDF1	same
964	HMGCS1	3157	HMGCS1	same
965	MICALL1	85377	MICALL1	same
966	FAM63A	55793	MINDY1	entrez
967	ATF1	466	ATF1	same
968	P4HTM	54681	P4HTM	same
969	SLC27A3	11000	SLC27A3	same
970	TBXA2R	6915	TBXA2R	same
971	RTN2	6253	RTN2	same
972	TSTA3	7264	GFUS	entrez
973	PPARD	5467	PPARD	same
974	GNA11	2767	GNA11	same
975	WDTC1	23038	WDTC1	same
976	PLSCR3	57048	PLSCR3	same
977	NPEPL1	79716	NPEPL1	same
