pathway_id	pathway_name	n_landmark_genes	landmark_gene_symbols
R-HSA-109581	Apoptosis	33	AKT1,BAD,BAX,BCL2,BID,BIRC2,CASP3,CASP7,CDKN2A,CFLAR,CYCS,DFFA,DFFB,DNM1L,DSG2,FAS,NMT1,PMAIP1,PPP1R13B,PRKCD,PRKCQ,PSMD2,PTK2,SATB1,SFN,SPTAN1,STAT3,TFDP1,TICAM1,TJP1,TLR4,TP53,TP53BP2
R-HSA-109582	Hemostasis	66	ABHD6,ABL1,AKT1,ALDOA,APP,ATP1B1,CALU,CD44,CD58,CDC42,CDK2,CENPE,COL1A1,CRK,CSK,EGF,FYN,GATA2,GATA3,GNA11,GNA15,GNAI1,GNAI2,GNAS,GNB5,GPC1,GRB7,HDAC2,HMG20B,KIF20A,KIF2C,KIF5C,LYN,MIF,MMP1,NOS3,NRAS,PDGFA,PIK3CA,PIK3R3,PLA2G4A,PPP2R5A,PPP2R5E,PRKACA,PRKCD,PRKCH,PRKCQ,PROS1,PTK2,PTPN1,PTPN6,RAC2,RAD51C,RHOA,SCCPDH,SERPINE1,SHC1,SRC,STX4,STXBP2,SYK,TBXA2R,TGFB3,TP53,TUBB6,VAV3
R-HSA-109606	Intrinsic Pathway for Apoptosis	17	AKT1,BAD,BAX,BCL2,BID,CASP3,CASP7,CDKN2A,CYCS,NMT1,PMAIP1,PPP1R13B,SFN,STAT3,TFDP1,TP53,TP53BP2
R-HSA-109704	PI3K Cascade	7	FGFR2,FGFR4,FRS2,PIK3C3,PIK3CA,PIK3R4,TRIB3
R-HSA-110312	Translesion synthesis by REV1	6	PCNA,RFC2,RFC5,RPA1,RPA2,RPA3
R-HSA-110313	Translesion synthesis by Y family DNA polymerases bypasses lesions on DNA template	9	PCNA,POLD4,POLE2,RFC2,RFC5,RPA1,RPA2,RPA3,UBE2L6
R-HSA-110314	Recognition of DNA damage by PCNA-containing replication complex	9	PCNA,POLD4,POLE2,RFC2,RFC5,RPA1,RPA2,RPA3,USP1
R-HSA-110320	Translesion Synthesis by POLH	6	PCNA,RFC2,RFC5,RPA1,RPA2,RPA3
R-HSA-110373	Resolution of AP sites via the multiple-nucleotide patch replacement pathway	12	LIG1,PARP1,PARP2,PCNA,POLB,POLD4,POLE2,RFC2,RFC5,RPA1,RPA2,RPA3
R-HSA-111447	Activation of BAD and translocation to mitochondria	5	AKT1,BAD,BCL2,BID,SFN
R-HSA-111453	BH3-only proteins associate with and inactivate anti-apoptotic BCL-2 members	5	BAD,BCL2,BID,PMAIP1,STAT3
R-HSA-111465	Apoptotic cleavage of cellular proteins	10	BIRC2,CASP3,CASP7,DSG2,PRKCD,PRKCQ,PTK2,SATB1,SPTAN1,TJP1
R-HSA-111471	Apoptotic factor-mediated response	5	BAX,CASP3,CASP7,CDKN2A,CYCS
R-HSA-111885	Opioid Signalling	11	CREB1,GNA11,GNA15,GNAI1,GNAI2,GNB5,PLA2G4A,PLCB3,PRKACA,PRKCD,PRKX
R-HSA-111996	Ca-dependent events	5	CREB1,PLA2G4A,PRKACA,PRKCD,PRKX
R-HSA-112040	G-protein mediated events	10	CREB1,GNA11,GNA15,GNAI1,GNAI2,PLA2G4A,PLCB3,PRKACA,PRKCD,PRKX
R-HSA-112043	PLC beta mediated events	8	CREB1,GNA11,GNA15,PLA2G4A,PLCB3,PRKACA,PRKCD,PRKX
R-HSA-112310	Neurotransmitter release cycle	5	CASK,HSPA8,SNAP25,STX1A,STXBP1
R-HSA-112314	Neurotransmitter receptors and postsynaptic signal transmission	13	CASK,CREB1,GNAI1,GNAI2,GNB5,NRAS,PLCB3,PRKACA,PRKAG2,PRKX,RPS6KA1,SRC,TUBB6
R-HSA-112315	Transmission across Chemical Synapses	17	CASK,CREB1,GNAI1,GNAI2,GNB5,HSPA8,NRAS,PLCB3,PRKACA,PRKAG2,PRKX,RPS6KA1,SNAP25,SRC,STX1A,STXBP1,TUBB6
R-HSA-112316	Neuronal System	21	CASK,CREB1,EPB41L2,GNAI1,GNAI2,GNB5,HOMER2,HSPA8,KCNK1,NRAS,PLCB3,PRKACA,PRKAG2,PRKX,PTPRF,RPS6KA1,SNAP25,SRC,STX1A,STXBP1,TUBB6
R-HSA-112382	Formation of RNA Pol II elongation complex	6	CCNH,CDK7,MNAT1,PAF1,POLR2I,POLR2K
R-HSA-112399	IRS-mediated signalling	8	FGFR2,FGFR4,FRS2,NRAS,PIK3C3,PIK3CA,PIK3R4,TRIB3
R-HSA-113418	Formation of the Early Elongation Complex	5	CCNH,CDK7,MNAT1,POLR2I,POLR2K
R-HSA-113510	E2F mediated regulation of DNA replication	5	CCNB1,CDK1,ORC1,RB1,TFDP1
R-HSA-114452	Activation of BH3-only proteins	10	AKT1,BAD,BCL2,BID,PMAIP1,PPP1R13B,SFN,TFDP1,TP53,TP53BP2
R-HSA-114604	GPVI-mediated activation cascade	11	CDC42,COL1A1,FYN,LYN,PIK3CA,PIK3R3,PTPN6,RAC2,RHOA,SYK,VAV3
R-HSA-114608	Platelet degranulation	10	ALDOA,APP,CALU,EGF,PDGFA,PROS1,SCCPDH,SERPINE1,STXBP2,TGFB3
R-HSA-1168372	Downstream signaling events of B Cell Receptor (BCR)	9	IKBKB,MALT1,NFATC3,NFKBIA,NFKBIB,NFKBIE,NRAS,PSMD2,SKP1
R-HSA-1169091	Activation of NF-kappaB in B cells	7	IKBKB,MALT1,NFKBIA,NFKBIB,NFKBIE,PSMD2,SKP1
R-HSA-1169408	ISG15 antiviral mechanism	11	BECN1,EIF4G1,NUP133,NUP62,NUP85,NUP88,NUP93,PIN1,RAE1,STAT1,UBE2L6
R-HSA-1169410	Antimicrobial mechanism of IFN-stimulated genes	22	BECN1,CDK1,EIF4G1,HSPA1A,HSPA8,IKBKB,NCK1,NUP133,NUP62,NUP85,NUP88,NUP93,PIN1,PPP2R5A,RAE1,SFN,SNCA,STAT1,STAT3,TP53,TUBB6,UBE2L6
R-HSA-1221632	Meiotic synapsis	6	ACD,BRCA1,SMC1A,SMC3,SYNE2,TERF2IP
R-HSA-1226099	Signaling by FGFR in disease	11	FGFR2,FGFR4,FRS2,NRAS,PIK3CA,POLR2I,POLR2K,STAT1,STAT3,STAT5B,ZMYM2
R-HSA-1227986	Signaling by ERBB2	15	AKT1,EGF,EGFR,ERBB2,ERBB3,FYN,GRB7,NRAS,PIK3CA,PRKCD,PTPN12,RHOA,SHC1,SRC,STUB1
R-HSA-1227990	Signaling by ERBB2 in Cancer	8	EGF,EGFR,ERBB2,ERBB3,NRAS,PIK3CA,PTPN12,SHC1
R-HSA-1236382	Constitutive Signaling by Ligand-Responsive EGFR Cancer Variants	5	EGF,EGFR,NRAS,PIK3CA,SHC1
R-HSA-1236394	Signaling by ERBB4	9	APOE,EGF,EGFR,ERBB3,NRAS,PIK3CA,SHC1,SRC,STMN1
R-HSA-1236974	ER-Phagosome pathway	9	BTK,IKBKB,PSMB10,PSMB8,PSMD2,PSME1,PSME2,STX4,TLR4
R-HSA-1236975	Antigen processing-Cross presentation	11	BTK,CTSL,IKBKB,ITGB5,PSMB10,PSMB8,PSMD2,PSME1,PSME2,STX4,TLR4
R-HSA-1236978	Cross-presentation of soluble exogenous antigens (endosomes)	5	PSMB10,PSMB8,PSMD2,PSME1,PSME2
R-HSA-1250196	SHC1 events in ERBB2 signaling	8	EGF,EGFR,ERBB2,ERBB3,NRAS,PRKCD,PTPN12,SHC1
R-HSA-1257604	PIP3 activates AKT signaling	41	AKT1,BAD,CDKN1A,CDKN1B,CREB1,CSNK2A2,EED,EGF,EGFR,EGR1,ERBB2,ERBB3,EZH2,FGFR2,FGFR4,FOXO3,FOXO4,FRS2,FYN,HDAC2,IER3,JUN,KIT,MTA1,PDGFA,PIK3CA,PIK3R3,PIP4K2B,PPARG,PPP2R5A,PPP2R5E,PSMD2,RAC2,RHEB,RRAGA,SRC,STUB1,SUZ12,TP53,TRIB3,USP7
R-HSA-1266695	Interleukin-7 signaling	5	PIK3R3,SMARCA4,SOCS2,STAT3,STAT5B
R-HSA-1268020	Mitochondrial protein import	7	HSPD1,SLC25A13,SLC25A4,TIMM17B,TIMM22,TIMM9,VDAC1
R-HSA-1362277	Transcription of E2F targets under negative control by DREAM complex	5	CDC25A,MYC,PCNA,TFDP1,TOP2A
R-HSA-141424	Amplification of signal from the kinetochores	13	AURKB,BIRC5,BUB1B,CDC20,CENPE,KIF2C,NUP133,NUP85,PAFAH1B1,PLK1,PPP2R5A,PPP2R5E,ZW10
R-HSA-141444	Amplification  of signal from unattached  kinetochores via a MAD2  inhibitory signal	13	AURKB,BIRC5,BUB1B,CDC20,CENPE,KIF2C,NUP133,NUP85,PAFAH1B1,PLK1,PPP2R5A,PPP2R5E,ZW10
R-HSA-1428517	Aerobic respiration and respiratory electron transport	16	CYCS,DLD,ETFB,GSTZ1,ME2,MPC2,NNT,OXA1L,PDHX,SDHB,SIRT3,SLC25A13,SLC25A14,SLC25A4,TRAP1,VDAC1
R-HSA-1433557	Signaling by SCF-KIT	14	CHEK1,FYN,GRB10,GRB7,KIT,LYN,NRAS,PIK3CA,PIK3R3,PTPN6,SRC,STAT1,STAT3,STAT5B
R-HSA-1433559	Regulation of KIT signaling	5	FYN,KIT,LYN,PTPN6,SRC
R-HSA-1442490	Collagen degradation	7	ADAM10,COL1A1,COL4A1,CTSD,CTSL,MMP1,MMP2
R-HSA-1445148	Translocation of SLC2A4 (GLUT4) to the plasma membrane	8	AKT1,C2CD5,PRKAG2,RAB4A,RALA,SFN,STX4,TUBB6
R-HSA-1474165	Reproduction	14	ACD,BMP4,BRCA1,CDK2,CDK4,CXCR4,RAD51C,RPA1,RPA2,RPA3,SMC1A,SMC3,SYNE2,TERF2IP
R-HSA-1474228	Degradation of the extracellular matrix	15	ADAM10,CAPN1,CASP3,CAST,CD44,COL1A1,COL4A1,CTSD,CTSL,HTRA1,LAMA3,MMP1,MMP2,SPP1,TIMP2
R-HSA-1474244	Extracellular matrix organization	32	ADAM10,APP,BMP4,CAPN1,CASK,CASP3,CAST,CD44,COL1A1,COL4A1,CRTAP,CTSD,CTSL,DAG1,DDR1,HTRA1,ICAM1,ICAM3,ITGAE,ITGB5,LAMA3,LOXL1,MMP1,MMP2,P4HA2,PDGFA,PLOD3,SERPINE1,SGCB,SPP1,TGFB3,TIMP2
R-HSA-1474290	Collagen formation	8	COL1A1,COL4A1,CRTAP,CTSL,LAMA3,LOXL1,P4HA2,PLOD3
R-HSA-1483206	Glycerophospholipid biosynthesis	7	ABHD4,CPNE3,CSNK2A2,LPGAT1,MBOAT7,PLA2G15,PLA2G4A
R-HSA-1483249	Inositol phosphate metabolism	9	INPP1,INPP4B,NUP133,NUP62,NUP85,NUP88,NUP93,PLCB3,RAE1
R-HSA-1483255	PI Metabolism	10	GDPD5,INPP4B,PIK3C2B,PIK3C3,PIK3CA,PIK3R3,PIK3R4,PIP4K2B,RAB4A,SACM1L
R-HSA-1483257	Phospholipid metabolism	17	ABHD4,CPNE3,CSNK2A2,GDPD5,INPP4B,LPGAT1,MBOAT7,PIK3C2B,PIK3C3,PIK3CA,PIK3R3,PIK3R4,PIP4K2B,PLA2G15,PLA2G4A,RAB4A,SACM1L
R-HSA-1500620	Meiosis	12	ACD,BRCA1,CDK2,CDK4,RAD51C,RPA1,RPA2,RPA3,SMC1A,SMC3,SYNE2,TERF2IP
R-HSA-1500931	Cell-Cell communication	36	BIRC2,CASK,CDC42,CDH3,CSNK2A2,CTNND1,CTSL,EED,EZH2,FYN,HDAC2,ILK,IQGAP1,LAMA3,MYC,NCK1,NCK2,PIK3CA,PSMD2,PTK2,PTK2B,PTPN6,PXN,RB1,RPN1,RSU1,SMARCA4,SPTAN1,SRC,STAT3,SUZ12,TESK1,TFAP2A,TIAM1,TLE1,ZMYM2
R-HSA-1538133	G0 and Early G1	11	CCNA1,CCNA2,CCNE2,CDC25A,CDK1,CDK2,MYBL2,MYC,PCNA,TFDP1,TOP2A
R-HSA-156580	Phase II - Conjugation of compounds	6	CHAC1,CNDP2,GSTM2,GSTZ1,MAT2A,UGDH
R-HSA-156711	Polo-like kinase mediated events	5	CCNB1,CCNB2,CDC25A,MYBL2,PLK1
R-HSA-157118	Signaling by NOTCH	23	ADAM10,AKT1,CCND1,CREB1,EGF,EGFR,HDAC2,HDAC6,HES1,HIF1A,IKZF1,JUN,MAMLD1,MYC,NOTCH1,PSMD2,RFNG,SKP1,SMAD3,STAT1,TFDP1,TLE1,TP53
R-HSA-157579	Telomere Maintenance	18	ACD,CCNA1,CCNA2,CDK2,DAXX,LIG1,PCNA,POLD4,POLR2I,POLR2K,RFC2,RFC5,RPA1,RPA2,RPA3,RUVBL1,TERF2IP,TERT
R-HSA-157858	Gap junction trafficking and regulation	6	CLTB,CLTC,DNM1,SRC,TJP1,TUBB6
R-HSA-15869	Metabolism of nucleotides	8	DCK,DCTD,GLRX,HPRT1,NUDT9,PAICS,PNP,TXNRD1
R-HSA-1592230	Mitochondrial biogenesis	8	ALAS1,CREB1,CYCS,GABPB1,MEF2C,POLG2,PRKAG2,SIRT3
R-HSA-159227	Transport of the SLBP independent Mature mRNA	6	NUP133,NUP62,NUP85,NUP88,NUP93,RAE1
R-HSA-159230	Transport of the SLBP Dependant Mature mRNA	6	NUP133,NUP62,NUP85,NUP88,NUP93,RAE1
R-HSA-159231	Transport of Mature mRNA Derived from an Intronless Transcript	7	CPSF4,NUP133,NUP62,NUP85,NUP88,NUP93,RAE1
R-HSA-159234	Transport of Mature mRNAs Derived from Intronless Transcripts	7	CPSF4,NUP133,NUP62,NUP85,NUP88,NUP93,RAE1
R-HSA-159236	Transport of Mature mRNA derived from an Intron-Containing Transcript	8	CASC3,NUP133,NUP62,NUP85,NUP88,NUP93,RAE1,RNPS1
R-HSA-1606322	ZBP1(DAI) mediated induction of type I IFNs	5	IKBKB,NFKB2,NFKBIA,NFKBIB,TICAM1
R-HSA-162587	HIV Life Cycle	22	CCNH,CDK7,CHMP4A,CHMP6,CXCR4,GTF2A2,GTF2E2,LIG1,MNAT1,NMT1,NUP133,NUP62,NUP85,NUP88,NUP93,POLR2I,POLR2K,PSIP1,RAE1,RNMT,TBP,VPS28
R-HSA-162599	Late Phase of HIV Life Cycle	19	CCNH,CDK7,CHMP4A,CHMP6,GTF2A2,GTF2E2,MNAT1,NMT1,NUP133,NUP62,NUP85,NUP88,NUP93,POLR2I,POLR2K,RAE1,RNMT,TBP,VPS28
R-HSA-162906	HIV Infection	26	CCNH,CDK7,CHMP4A,CHMP6,CXCR4,FYN,GTF2A2,GTF2E2,LIG1,MNAT1,NMT1,NUP133,NUP62,NUP85,NUP88,NUP93,POLR2I,POLR2K,PSIP1,PSMD2,RAE1,RNMT,SKP1,SLC25A4,TBP,VPS28
R-HSA-162909	Host Interactions of HIV factors	11	FYN,NUP133,NUP62,NUP85,NUP88,NUP93,PSIP1,PSMD2,RAE1,SKP1,SLC25A4
R-HSA-1630316	Glycosaminoglycan metabolism	9	ABCC5,B4GAT1,CD44,CHP1,CTSL,EXT1,FAM20B,GPC1,HS2ST1
R-HSA-1632852	Macroautophagy	17	ATG3,BECN1,CHMP4A,CHMP6,CSNK2A2,HDAC6,HSPA8,MTERF3,PIK3C3,PIK3R4,PRKAG2,RHEB,RRAGA,SQSTM1,SRC,TUBB6,VDAC1
R-HSA-163685	Integration of energy metabolism	14	ACLY,GNA11,GNA15,GNAI1,GNAI2,GNAS,GNB5,IQGAP1,PLCB3,PRKACA,PRKAG2,SNAP25,STX1A,STXBP1
R-HSA-163841	Gamma carboxylation, hypusinylation, hydroxylation, and arylsulfatase activation	5	DPH2,ICMT,JMJD6,PROS1,RPS6
R-HSA-1643713	Signaling by EGFR in Cancer	5	EGF,EGFR,NRAS,PIK3CA,SHC1
R-HSA-165054	Rev-mediated nuclear export of HIV RNA	6	NUP133,NUP62,NUP85,NUP88,NUP93,RAE1
R-HSA-1650814	Collagen biosynthesis and modifying enzymes	5	COL1A1,COL4A1,CRTAP,P4HA2,PLOD3
R-HSA-165159	MTOR signalling	8	AKT1,CAB39,EIF4EBP1,EIF4G1,PRKAG2,RHEB,RPS6,RRAGA
R-HSA-1655829	Regulation of cholesterol biosynthesis by SREBP (SREBF)	6	ELOVL6,FDFT1,HMGCR,HMGCS1,INSIG1,MBTPS1
R-HSA-166016	Toll Like Receptor 4 (TLR4) Cascade	26	APP,ATF1,BIRC2,BTK,CREB1,DNM1,DUSP3,DUSP4,DUSP6,FOS,IKBKB,IKBKE,JUN,MAPK9,MAPKAPK2,MAPKAPK3,MEF2C,NFKB2,NFKBIA,NFKBIB,RPS6KA1,SKP1,TICAM1,TLR4,TP53,USP14
R-HSA-1660499	Synthesis of PIPs at the plasma membrane	6	INPP4B,PIK3C2B,PIK3CA,PIK3R3,PIP4K2B,RAB4A
R-HSA-166058	MyD88:MAL(TIRAP) cascade initiated on plasma membrane	22	APP,ATF1,BTK,CREB1,DUSP3,DUSP4,DUSP6,FOS,IKBKB,JUN,MAPK9,MAPKAPK2,MAPKAPK3,MEF2C,NFKB2,NFKBIA,NFKBIB,RPS6KA1,SKP1,TLR4,TP53,USP14
R-HSA-166166	MyD88-independent TLR4 cascade	24	APP,ATF1,BIRC2,CREB1,DUSP3,DUSP4,DUSP6,FOS,IKBKB,IKBKE,JUN,MAPK9,MAPKAPK2,MAPKAPK3,MEF2C,NFKB2,NFKBIA,NFKBIB,RPS6KA1,SKP1,TICAM1,TLR4,TP53,USP14
R-HSA-166208	mTORC1-mediated signalling	5	EIF4EBP1,EIF4G1,RHEB,RPS6,RRAGA
R-HSA-166520	Signaling by NTRKs	34	ATF1,BAX,CDK5R1,CLTC,CREB1,CRK,CRKL,DNM1,DUSP3,DUSP4,DUSP6,EGR1,FOS,FOSL1,FRS2,FYN,ID2,MAP2K5,MAPK13,MAPKAPK2,MAPKAPK3,MEF2C,NRAS,PIK3CA,RALA,RALB,RALGDS,RHOA,RPS6KA1,SHC1,SRC,STAT3,TIAM1,TRIB1
R-HSA-167044	Signalling to RAS	9	MAPK13,MAPKAPK2,MAPKAPK3,NRAS,RALA,RALB,RALGDS,SHC1,SRC
R-HSA-167152	Formation of HIV elongation complex in the absence of HIV Tat	5	CCNH,CDK7,MNAT1,POLR2I,POLR2K
R-HSA-167158	Formation of the HIV-1 Early Elongation Complex	5	CCNH,CDK7,MNAT1,POLR2I,POLR2K
R-HSA-167160	RNA Pol II CTD phosphorylation and interaction with CE during HIV infection	6	CCNH,CDK7,MNAT1,POLR2I,POLR2K,RNMT
R-HSA-167161	HIV Transcription Initiation	8	CCNH,CDK7,GTF2A2,GTF2E2,MNAT1,POLR2I,POLR2K,TBP
R-HSA-167162	RNA Polymerase II HIV Promoter Escape	8	CCNH,CDK7,GTF2A2,GTF2E2,MNAT1,POLR2I,POLR2K,TBP
R-HSA-167169	HIV Transcription Elongation	5	CCNH,CDK7,MNAT1,POLR2I,POLR2K
R-HSA-167172	Transcription of the HIV genome	9	CCNH,CDK7,GTF2A2,GTF2E2,MNAT1,POLR2I,POLR2K,RNMT,TBP
R-HSA-167200	Formation of HIV-1 elongation complex containing HIV-1 Tat	5	CCNH,CDK7,MNAT1,POLR2I,POLR2K
R-HSA-167246	Tat-mediated elongation of the HIV-1 transcript	5	CCNH,CDK7,MNAT1,POLR2I,POLR2K
R-HSA-168138	Toll Like Receptor 9 (TLR9) Cascade	24	APP,ATF1,CREB1,DUSP3,DUSP4,DUSP6,FOS,IKBKB,JUN,MAPK9,MAPKAPK2,MAPKAPK3,MEF2C,NFKB2,NFKBIA,NFKBIB,PIK3C3,PIK3R4,RPS6KA1,SKP1,TICAM1,TLR4,TP53,USP14
R-HSA-168142	Toll Like Receptor 10 (TLR10) Cascade	20	APP,ATF1,CREB1,DUSP3,DUSP4,DUSP6,FOS,IKBKB,JUN,MAPK9,MAPKAPK2,MAPKAPK3,MEF2C,NFKB2,NFKBIA,NFKBIB,RPS6KA1,SKP1,TP53,USP14
R-HSA-168164	Toll Like Receptor 3 (TLR3) Cascade	23	APP,ATF1,BIRC2,CREB1,DUSP3,DUSP4,DUSP6,FOS,IKBKB,IKBKE,JUN,MAPK9,MAPKAPK2,MAPKAPK3,MEF2C,NFKB2,NFKBIA,NFKBIB,RPS6KA1,SKP1,TICAM1,TP53,USP14
R-HSA-168176	Toll Like Receptor 5 (TLR5) Cascade	20	APP,ATF1,CREB1,DUSP3,DUSP4,DUSP6,FOS,IKBKB,JUN,MAPK9,MAPKAPK2,MAPKAPK3,MEF2C,NFKB2,NFKBIA,NFKBIB,RPS6KA1,SKP1,TP53,USP14
R-HSA-168179	Toll Like Receptor TLR1:TLR2 Cascade	22	APP,ATF1,BTK,CREB1,DUSP3,DUSP4,DUSP6,FOS,IKBKB,JUN,MAPK9,MAPKAPK2,MAPKAPK3,MEF2C,NFKB2,NFKBIA,NFKBIB,RPS6KA1,SKP1,TLR4,TP53,USP14
R-HSA-168181	Toll Like Receptor 7/8 (TLR7/8) Cascade	22	APP,ATF1,CREB1,DUSP3,DUSP4,DUSP6,FOS,IKBKB,JUN,MAPK9,MAPKAPK2,MAPKAPK3,MEF2C,NFKB2,NFKBIA,NFKBIB,RPS6KA1,SKP1,TICAM1,TLR4,TP53,USP14
R-HSA-168188	Toll Like Receptor TLR6:TLR2 Cascade	22	APP,ATF1,BTK,CREB1,DUSP3,DUSP4,DUSP6,FOS,IKBKB,JUN,MAPK9,MAPKAPK2,MAPKAPK3,MEF2C,NFKB2,NFKBIA,NFKBIB,RPS6KA1,SKP1,TLR4,TP53,USP14
R-HSA-168255	Influenza Infection	15	CLTC,CPSF4,HSPA1A,NUP133,NUP62,NUP85,NUP88,NUP93,PARP1,POLR2I,POLR2K,RAE1,RPL39L,RPS5,RPS6
R-HSA-168271	Transport of Ribonucleoproteins into the Host Nucleus	6	NUP133,NUP62,NUP85,NUP88,NUP93,RAE1
R-HSA-168273	Influenza Viral RNA Transcription and Replication	12	NUP133,NUP62,NUP85,NUP88,NUP93,PARP1,POLR2I,POLR2K,RAE1,RPL39L,RPS5,RPS6
R-HSA-168274	Export of Viral Ribonucleoproteins from Nucleus	7	HSPA1A,NUP133,NUP62,NUP85,NUP88,NUP93,RAE1
R-HSA-168276	NS1 Mediated Effects on Host Pathways	7	CPSF4,NUP133,NUP62,NUP85,NUP88,NUP93,RAE1
R-HSA-168325	Viral Messenger RNA Synthesis	8	NUP133,NUP62,NUP85,NUP88,NUP93,POLR2I,POLR2K,RAE1
R-HSA-168333	NEP/NS2 Interacts with the Cellular Export Machinery	6	NUP133,NUP62,NUP85,NUP88,NUP93,RAE1
R-HSA-168643	Nucleotide-binding domain, leucine rich repeat containing receptor (NLR) signaling pathways	8	APP,BCL2,BIRC2,CASP2,HMOX1,IKBKB,MAPK13,NFKB2
R-HSA-168898	Toll-like Receptor Cascades	31	APP,ATF1,BIRC2,BTK,CNPY3,CREB1,CTSL,DNM1,DUSP3,DUSP4,DUSP6,FOS,IKBKB,IKBKE,JUN,LGMN,MAPK9,MAPKAPK2,MAPKAPK3,MEF2C,NFKB2,NFKBIA,NFKBIB,PIK3C3,PIK3R4,RPS6KA1,SKP1,TICAM1,TLR4,TP53,USP14
R-HSA-168928	DDX58/IFIH1-mediated induction of interferon-alpha/beta	9	APP,CASP10,IKBKB,IKBKE,NFKB2,NFKBIA,NFKBIB,PIN1,UBE2L6
R-HSA-170822	Regulation of Glucokinase by Glucokinase Regulatory Protein	6	NUP133,NUP62,NUP85,NUP88,NUP93,RAE1
R-HSA-170834	Signaling by TGF-beta Receptor Complex	12	BAMBI,ITGB5,MYC,PARP1,RHOA,SERPINE1,SMAD3,STAT1,STUB1,TFDP1,TGFB3,TGFBR2
R-HSA-171007	p38MAPK events	8	MAPK13,MAPKAPK2,MAPKAPK3,NRAS,RALA,RALB,RALGDS,SRC
R-HSA-171319	Telomere Extension By Telomerase	7	ACD,CCNA1,CCNA2,CDK2,RUVBL1,TERF2IP,TERT
R-HSA-174143	APC/C-mediated degradation of cell cycle proteins	14	AURKA,AURKB,BUB1B,CCNA1,CCNA2,CCNB1,CDC20,CDK1,CDK2,PLK1,PSMD2,RB1,SKP1,UBE2C
R-HSA-174178	APC/C:Cdh1 mediated degradation of Cdc20 and other APC/C:Cdh1 targeted proteins in late mitosis/early G1	7	AURKA,AURKB,CDC20,PLK1,PSMD2,RB1,UBE2C
R-HSA-174184	Cdc20:Phospho-APC/C mediated degradation of Cyclin A	7	BUB1B,CCNA1,CCNA2,CDC20,CDK1,PSMD2,UBE2C
R-HSA-174411	Polymerase switching on the C-strand of the telomere	6	ACD,PCNA,POLD4,RFC2,RFC5,TERF2IP
R-HSA-174414	Processive synthesis on the C-strand of the telomere	8	ACD,LIG1,PCNA,POLD4,RPA1,RPA2,RPA3,TERF2IP
R-HSA-174417	Telomere C-strand (Lagging Strand) Synthesis	10	ACD,LIG1,PCNA,POLD4,RFC2,RFC5,RPA1,RPA2,RPA3,TERF2IP
R-HSA-174437	Removal of the Flap Intermediate from the C-strand	7	ACD,PCNA,POLD4,RPA1,RPA2,RPA3,TERF2IP
R-HSA-174824	Plasma lipoprotein assembly, remodeling, and clearance	9	APOE,CLTC,LIPA,LSR,MBTPS1,NPC1,NR1H2,PRKACA,SCARB1
R-HSA-176033	Interactions of Vpr with host cellular proteins	8	NUP133,NUP62,NUP85,NUP88,NUP93,PSIP1,RAE1,SLC25A4
R-HSA-176187	Activation of ATR in response to replication stress	12	CDC25A,CDC45,CDK2,CHEK1,MCM3,ORC1,RAD9A,RFC2,RFC5,RPA1,RPA2,RPA3
R-HSA-176408	Regulation of APC/C activators between G1/S and early anaphase	11	BUB1B,CCNA1,CCNA2,CCNB1,CDC20,CDK1,CDK2,PLK1,PSMD2,SKP1,UBE2C
R-HSA-176409	APC/C:Cdc20 mediated degradation of mitotic proteins	8	BUB1B,CCNA1,CCNA2,CCNB1,CDC20,CDK1,PSMD2,UBE2C
R-HSA-176814	Activation of APC/C and APC/C:Cdc20 mediated degradation of mitotic proteins	9	BUB1B,CCNA1,CCNA2,CCNB1,CDC20,CDK1,PLK1,PSMD2,UBE2C
R-HSA-177243	Interactions of Rev with host cellular proteins	6	NUP133,NUP62,NUP85,NUP88,NUP93,RAE1
R-HSA-177929	Signaling by EGFR	12	ADAM10,CDC42,CSK,EGF,EGFR,NRAS,PIK3CA,PTPN12,PTPRK,PXN,SHC1,SRC
R-HSA-179419	APC:Cdc20 mediated degradation of cell cycle proteins prior to satisfation of the cell cycle checkpoint	7	BUB1B,CCNA1,CCNA2,CDC20,CDK1,PSMD2,UBE2C
R-HSA-180292	GAB1 signalosome	6	CSK,EGF,EGFR,PIK3CA,PXN,SRC
R-HSA-180746	Nuclear import of Rev protein	6	NUP133,NUP62,NUP85,NUP88,NUP93,RAE1
R-HSA-180786	Extension of Telomeres	15	ACD,CCNA1,CCNA2,CDK2,LIG1,PCNA,POLD4,RFC2,RFC5,RPA1,RPA2,RPA3,RUVBL1,TERF2IP,TERT
R-HSA-180910	Vpr-mediated nuclear import of PICs	7	NUP133,NUP62,NUP85,NUP88,NUP93,PSIP1,RAE1
R-HSA-1810476	RIP-mediated NFkB activation via ZBP1	5	IKBKB,NFKB2,NFKBIA,NFKBIB,TICAM1
R-HSA-181438	Toll Like Receptor 2 (TLR2) Cascade	22	APP,ATF1,BTK,CREB1,DUSP3,DUSP4,DUSP6,FOS,IKBKB,JUN,MAPK9,MAPKAPK2,MAPKAPK3,MEF2C,NFKB2,NFKBIA,NFKBIB,RPS6KA1,SKP1,TLR4,TP53,USP14
R-HSA-182971	EGFR downregulation	5	CDC42,EGF,EGFR,PTPN12,PTPRK
R-HSA-1834949	Cytosolic sensors of pathogen-associated DNA	7	IKBKB,NFKB2,NFKBIA,NFKBIB,POLR1C,POLR2K,TICAM1
R-HSA-1839117	Signaling by cytosolic FGFR1 fusion mutants	5	PIK3CA,STAT1,STAT3,STAT5B,ZMYM2
R-HSA-1839124	FGFR1 mutant receptor activation	5	PIK3CA,STAT1,STAT3,STAT5B,ZMYM2
R-HSA-1852241	Organelle biogenesis and maintenance	19	ALAS1,CCP110,CDK1,CEP57,CREB1,CSNK1E,CYCS,GABPB1,HDAC6,MEF2C,PAFAH1B1,PCM1,PLK1,POLG2,PRKACA,PRKAG2,SIRT3,TCTN1,TUBB6
R-HSA-1855170	IPs transport between nucleus and cytosol	6	NUP133,NUP62,NUP85,NUP88,NUP93,RAE1
R-HSA-1855196	IP3 and IP4 transport between cytosol and nucleus	6	NUP133,NUP62,NUP85,NUP88,NUP93,RAE1
R-HSA-1855229	IP6 and IP7 transport between cytosol and nucleus	6	NUP133,NUP62,NUP85,NUP88,NUP93,RAE1
R-HSA-186763	Downstream signal transduction	13	CRK,CRKL,GRB7,NCK1,NCK2,NRAS,PDGFA,PIK3CA,RASA1,SRC,STAT1,STAT3,STAT5B
R-HSA-186797	Signaling by PDGF	16	COL4A1,CRK,CRKL,GRB7,NCK1,NCK2,NRAS,PDGFA,PIK3CA,PTPN12,RASA1,SPP1,SRC,STAT1,STAT3,STAT5B
R-HSA-187037	Signaling by NTRK1 (TRKA)	31	ATF1,CDK5R1,CLTC,CREB1,CRK,CRKL,DNM1,DUSP3,DUSP4,DUSP6,EGR1,FOS,FOSL1,FRS2,ID2,MAP2K5,MAPK13,MAPKAPK2,MAPKAPK3,MEF2C,NRAS,PIK3CA,RALA,RALB,RALGDS,RHOA,RPS6KA1,SHC1,SRC,STAT3,TRIB1
R-HSA-187577	SCF(Skp2)-mediated degradation of p27/p21	10	CCNA1,CCNA2,CCND1,CCNE2,CDK2,CDK4,CDKN1A,CDKN1B,PSMD2,SKP1
R-HSA-187687	Signalling to ERKs	12	CRK,CRKL,FRS2,MAPK13,MAPKAPK2,MAPKAPK3,NRAS,RALA,RALB,RALGDS,SHC1,SRC
R-HSA-190236	Signaling by FGFR	11	FGFR2,FGFR4,FRS2,MKNK1,NRAS,PIK3CA,POLR2I,POLR2K,SHC1,SPRED2,SRC
R-HSA-1912408	Pre-NOTCH Transcription and Translation	6	CCND1,JUN,MAMLD1,NOTCH1,TFDP1,TP53
R-HSA-1912422	Pre-NOTCH Expression and Processing	7	CCND1,JUN,MAMLD1,NOTCH1,RFNG,TFDP1,TP53
R-HSA-191273	Cholesterol biosynthesis	7	ACAT2,EBP,FDFT1,HMGCR,HMGCS1,LBR,NSDHL
R-HSA-191859	snRNP Assembly	6	NUP133,NUP62,NUP85,NUP88,NUP93,RAE1
R-HSA-193648	NRAGE signals death through JNK	6	ARHGEF12,ARHGEF2,BAD,NET1,TIAM1,VAV3
R-HSA-193704	p75 NTR receptor-mediated signalling	13	ARHGEF12,ARHGEF2,BAD,CASP2,CASP3,HDAC2,IKBKB,NET1,NFKBIA,RHOA,SQSTM1,TIAM1,VAV3
R-HSA-194138	Signaling by VEGF	27	AKT1,CDC42,CRK,CTNND1,FYN,HSPB1,MAPK13,MAPKAPK2,MAPKAPK3,NCK1,NCK2,NOS3,NRAS,PAK1,PIK3CA,PRKACA,PRKCD,PTK2,PTK2B,PXN,RASA1,RHOA,SHB,SRC,TRIB3,VAV3,WASF3
R-HSA-194315	Signaling by Rho GTPases	65	ABL1,ARHGAP1,ARHGEF12,ARHGEF2,AURKB,BIRC5,BTK,BUB1B,CCP110,CDC20,CDC42,CDKN1B,CENPE,CHN1,CLTC,CSK,CTTN,DSG2,EVL,FRS2,GFOD1,GRB7,IQGAP1,KIF14,KIF2C,KTN1,LBR,MYL9,MYLK,NCK1,NCK2,NET1,NISCH,NUP133,NUP85,PAFAH1B1,PAK1,PAK4,PAK6,PIK3C3,PIK3CA,PIK3R3,PIK3R4,PIN1,PLK1,PPP2R5A,PPP2R5E,PRKCD,PTK2,PTK2B,RAC2,RHOA,SFN,SPEN,SPTAN1,SRC,STK10,TIAM1,TUBB6,VAPB,VAV3,WASF3,WIPF2,YKT6,ZW10
R-HSA-194441	Metabolism of non-coding RNA	6	NUP133,NUP62,NUP85,NUP88,NUP93,RAE1
R-HSA-195253	Degradation of beta-catenin by the destruction complex	8	AXIN1,CSNK1A1,MYC,PPP2R5A,PPP2R5E,PSMD2,SKP1,TLE1
R-HSA-195258	RHO GTPase Effectors	38	ABL1,AURKB,BIRC5,BTK,BUB1B,CDC20,CDC42,CDKN1B,CENPE,CTTN,EVL,IQGAP1,KIF14,KIF2C,KTN1,MYL9,MYLK,NCK1,NUP133,NUP85,PAFAH1B1,PAK1,PIK3C3,PIK3R4,PIN1,PLK1,PPP2R5A,PPP2R5E,PRKCD,PTK2,RAC2,RHOA,SFN,SRC,TUBB6,WASF3,WIPF2,ZW10
R-HSA-195721	Signaling by WNT	24	AKT1,AXIN1,CLTB,CLTC,CSNK1A1,CSNK1E,CSNK2A2,FZD1,FZD7,GNB5,MYC,PLCB3,PPP2R5A,PPP2R5E,PSMD2,RAC2,RHOA,RUVBL1,SKP1,SMARCA4,SOX2,SOX4,TERT,TLE1
R-HSA-1963642	PI3K events in ERBB2 signaling	5	EGF,EGFR,ERBB2,ERBB3,PIK3CA
R-HSA-196849	Metabolism of water-soluble vitamins and cofactors	6	CD320,COASY,FPGS,MTHFD2,PCCB,SLC5A6
R-HSA-196854	Metabolism of vitamins and cofactors	12	AKT1,APOE,CD320,COASY,FPGS,GPC1,LRP10,MTHFD2,NOS3,PCCB,SLC5A6,SPR
R-HSA-1980143	Signaling by NOTCH1	10	ADAM10,HDAC2,HDAC6,HES1,HIF1A,MAMLD1,MYC,NOTCH1,SKP1,TLE1
R-HSA-198725	Nuclear Events (kinase and transcription factor activation)	14	ATF1,CDK5R1,CREB1,DUSP3,DUSP4,DUSP6,EGR1,FOS,FOSL1,ID2,MAPKAPK2,MEF2C,RPS6KA1,TRIB1
R-HSA-198753	ERK/MAPK targets	5	DUSP3,DUSP4,DUSP6,MEF2C,RPS6KA1
R-HSA-198933	Immunoregulatory interactions between a Lymphoid and a non-Lymphoid cell	5	CD40,COL1A1,ICAM1,ICAM3,NPDC1
R-HSA-1989781	PPARA activates gene expression	14	ALAS1,ARNT2,CDK19,FDFT1,FHL2,HMGCR,HMGCS1,NCOA3,NR1H2,PEX11A,PPARG,TNFRSF21,TRIB3,TXNRD1
R-HSA-199418	Negative regulation of the PI3K/AKT network	20	AKT1,EGF,EGFR,ERBB2,ERBB3,FGFR2,FGFR4,FRS2,FYN,IER3,KIT,PDGFA,PIK3CA,PIK3R3,PIP4K2B,PPP2R5A,PPP2R5E,RAC2,SRC,TRIB3
R-HSA-199977	ER to Golgi Anterograde Transport	11	COG2,COG4,COG7,COPB2,KDELR2,SPTAN1,TMED10,TRAPPC3,TRAPPC6A,TUBB6,YKT6
R-HSA-199991	Membrane Trafficking	55	ACBD3,ADRB2,AKT1,APP,ARFIP2,C2CD5,CENPE,CHMP4A,CHMP6,CLTB,CLTC,COG2,COG4,COG7,COPB2,COPS7A,CTTN,CYTH1,DENND2D,DNM1,EGF,EGFR,EPN2,FCHO1,HSPA8,IGF2R,KDELR2,KIF20A,KIF2C,KIF5C,PACSIN3,PAFAH1B1,PAFAH1B3,PLA2G4A,PRKAG2,RAB21,RAB27A,RAB31,RAB4A,RALA,SFN,SPTAN1,SRC,STX4,TJP1,TMED10,TOR1A,TRAPPC3,TRAPPC6A,TUBB6,UBQLN2,USP6NL,VPS28,YKT6,ZW10
R-HSA-199992	trans-Golgi Network Vesicle Budding	7	ACBD3,APP,CLTB,CLTC,HSPA8,IGF2R,STX4
R-HSA-201556	Signaling by ALK	10	DNMT1,FRS2,HDAC2,HIF1A,MYC,PIK3CA,PTPN6,SHC1,SRC,STAT3
R-HSA-201681	TCF dependent signaling in response to WNT	16	AKT1,AXIN1,CSNK1A1,CSNK1E,CSNK2A2,FZD1,MYC,PPP2R5A,PPP2R5E,PSMD2,RUVBL1,SMARCA4,SOX2,SOX4,TERT,TLE1
R-HSA-201722	Formation of the beta-catenin:TCF transactivating complex	5	MYC,RUVBL1,SMARCA4,TERT,TLE1
R-HSA-202131	Metabolism of nitric oxide: NOS3 activation and regulation	6	AKT1,LYPLA1,NMT1,NOS3,NOSIP,SPR
R-HSA-2022090	Assembly of collagen fibrils and other multimeric structures	5	COL1A1,COL4A1,CTSL,LAMA3,LOXL1
R-HSA-202403	TCR signaling	13	CSK,EVL,HLA-DRA,IKBKB,MALT1,NCK1,NFKBIA,PAK1,PIK3CA,PRKCQ,PSMD2,PTPRC,SKP1
R-HSA-202424	Downstream TCR signaling	8	HLA-DRA,IKBKB,MALT1,NFKBIA,PIK3CA,PRKCQ,PSMD2,SKP1
R-HSA-202733	Cell surface interactions at the vascular wall	16	ATP1B1,CD44,CD58,COL1A1,FYN,GPC1,GRB7,LYN,MIF,MMP1,NRAS,PIK3CA,PROS1,PTPN6,SHC1,SRC
R-HSA-2029480	Fcgamma receptor (FCGR) dependent phagocytosis	17	ABL1,BTK,CDC42,CRK,FYN,LYN,MYO10,NCK1,PAK1,PIK3CA,PRKCD,PTK2,SRC,SYK,VAV3,WASF3,WIPF2
R-HSA-2029482	Regulation of actin dynamics for phagocytic cup formation	12	ABL1,BTK,CDC42,CRK,MYO10,NCK1,PAK1,PTK2,SYK,VAV3,WASF3,WIPF2
R-HSA-203615	eNOS activation	5	AKT1,LYPLA1,NMT1,NOS3,SPR
R-HSA-204998	Cell death signalling via NRAGE, NRIF and NADE	9	ARHGEF12,ARHGEF2,BAD,CASP2,CASP3,NET1,SQSTM1,TIAM1,VAV3
R-HSA-211859	Biological oxidations	11	ADH5,AKR7A2,ARNT2,BPHL,CBR3,CHAC1,CNDP2,GSTM2,GSTZ1,MAT2A,UGDH
R-HSA-212165	Epigenetic regulation of gene expression	29	ABL1,AKAP8L,ARID4B,BCL7B,CCNH,CDK7,CEBPA,DNMT1,DNMT3A,EED,EZH2,HDAC2,MNAT1,MTA1,MTF2,NCOA3,PEX11A,POLR1C,POLR2K,PPARG,PSIP1,RB1,RRP8,SMARCA4,SMARCC1,SMARCD2,SUV39H1,SUZ12,TBP
R-HSA-2122947	NOTCH1 Intracellular Domain Regulates Transcription	9	HDAC2,HDAC6,HES1,HIF1A,MAMLD1,MYC,NOTCH1,SKP1,TLE1
R-HSA-212300	PRC2 methylates histones and DNA	6	DNMT1,DNMT3A,EED,EZH2,MTF2,SUZ12
R-HSA-2132295	MHC class II antigen presentation	12	CENPE,CLTC,CTSD,CTSL,DNM1,HLA-DMA,HLA-DRA,KIF20A,KIF2C,KIF5C,LGMN,TUBB6
R-HSA-2151201	Transcriptional activation of mitochondrial biogenesis	7	ALAS1,CREB1,CYCS,GABPB1,MEF2C,POLG2,SIRT3
R-HSA-216083	Integrin cell surface interactions	8	CD44,COL1A1,COL4A1,ICAM1,ICAM3,ITGAE,ITGB5,SPP1
R-HSA-2172127	DAP12 interactions	7	BTK,FYN,NRAS,PIK3CA,SHC1,SYK,VAV3
R-HSA-2173782	Binding and Uptake of Ligands by Scavenger Receptors	5	APOE,COL1A1,COL4A1,HYOU1,SCARB1
R-HSA-2173789	TGF-beta receptor signaling activates SMADs	6	BAMBI,ITGB5,SMAD3,STUB1,TGFB3,TGFBR2
R-HSA-2173793	Transcriptional activity of SMAD2/SMAD3:SMAD4 heterotrimer	6	MYC,PARP1,SERPINE1,SMAD3,STAT1,TFDP1
R-HSA-2187338	Visual phototransduction	6	APOE,GNB5,GPC1,LRP10,NMT1,PRKCQ
R-HSA-2219528	PI3K/AKT Signaling in Cancer	21	AKT1,BAD,CDKN1A,CDKN1B,CREB1,EGF,EGFR,ERBB2,ERBB3,FGFR2,FGFR4,FOXO3,FOXO4,FRS2,FYN,KIT,PDGFA,PIK3CA,PIK3R3,RAC2,SRC
R-HSA-2219530	Constitutive Signaling by Aberrant PI3K in Cancer	14	EGF,EGFR,ERBB2,ERBB3,FGFR2,FGFR4,FRS2,FYN,KIT,PDGFA,PIK3CA,PIK3R3,RAC2,SRC
R-HSA-2299718	Condensation of Prophase Chromosomes	5	CCNB1,CDK1,PLK1,RB1,SMC4
R-HSA-2404192	Signaling by Type 1 Insulin-like Growth Factor 1 Receptor (IGF1R)	10	FGFR2,FGFR4,FRS2,IGF1R,NRAS,PIK3C3,PIK3CA,PIK3R4,SHC1,TRIB3
R-HSA-2424491	DAP12 signaling	7	BTK,FYN,NRAS,PIK3CA,SHC1,SYK,VAV3
R-HSA-2428924	IGF1R signaling cascade	10	FGFR2,FGFR4,FRS2,IGF1R,NRAS,PIK3C3,PIK3CA,PIK3R4,SHC1,TRIB3
R-HSA-2428928	IRS-related events triggered by IGF1R	9	FGFR2,FGFR4,FRS2,IGF1R,NRAS,PIK3C3,PIK3CA,PIK3R4,TRIB3
R-HSA-2454202	Fc epsilon receptor (FCERI) signaling	19	BTK,FOS,FYN,IKBKB,JUN,LYN,MALT1,MAPK9,NFATC3,NFKBIA,NRAS,PAK1,PIK3CA,PRKCQ,PSMD2,SHC1,SKP1,SYK,VAV3
R-HSA-2467813	Separation of Sister Chromatids	19	AURKB,BIRC5,BUB1B,CDC20,CENPE,KIF2C,NUP133,NUP85,PAFAH1B1,PDS5A,PLK1,PPP2R5A,PPP2R5E,PSMD2,SMC1A,SMC3,TUBB6,UBE2C,ZW10
R-HSA-2500257	Resolution of Sister Chromatid Cohesion	20	AURKB,BIRC5,BUB1B,CCNB1,CCNB2,CDC20,CDK1,CENPE,KIF2C,NUP133,NUP85,PAFAH1B1,PDS5A,PLK1,PPP2R5A,PPP2R5E,SMC1A,SMC3,TUBB6,ZW10
R-HSA-2514853	Condensation of Prometaphase Chromosomes	6	CCNB1,CCNB2,CDK1,CSNK2A2,NCAPD2,SMC4
R-HSA-2555396	Mitotic Metaphase and Anaphase	27	AURKB,BIRC5,BUB1B,CCNB1,CCNB2,CDC20,CDK1,CENPE,CHMP4A,CHMP6,KIF2C,LBR,NUP133,NUP62,NUP85,NUP93,PAFAH1B1,PDS5A,PLK1,PPP2R5A,PPP2R5E,PSMD2,SMC1A,SMC3,TUBB6,UBE2C,ZW10
R-HSA-2559580	Oxidative Stress Induced Senescence	16	CDK4,CDK6,CDKN2A,E2F2,EED,EZH2,FOS,JUN,MAP4K4,MAPK9,MAPKAPK2,MAPKAPK3,MAPKAPK5,SUZ12,TFDP1,TP53
R-HSA-2559582	Senescence-Associated Secretory Phenotype (SASP)	13	CCNA1,CCNA2,CDK2,CDK4,CDK6,CDKN1A,CDKN1B,CDKN2A,FOS,JUN,RPS6KA1,STAT3,UBE2C
R-HSA-2559583	Cellular Senescence	30	ACD,CCNA1,CCNA2,CCNE2,CDK2,CDK4,CDK6,CDKN1A,CDKN1B,CDKN2A,E2F2,EED,ETS1,EZH2,FOS,HMGA2,JUN,MAP4K4,MAPK9,MAPKAPK2,MAPKAPK3,MAPKAPK5,RB1,RPS6KA1,STAT3,SUZ12,TERF2IP,TFDP1,TP53,UBE2C
R-HSA-2559585	Oncogene Induced Senescence	8	CDK4,CDK6,CDKN2A,E2F2,ETS1,RB1,TFDP1,TP53
R-HSA-2559586	DNA Damage/Telomere Stress Induced Senescence	11	ACD,CCNA1,CCNA2,CCNE2,CDK2,CDKN1A,CDKN1B,HMGA2,RB1,TERF2IP,TP53
R-HSA-2565942	Regulation of PLK1 Activity at G2/M Transition	12	AURKA,CCNB1,CCNB2,CCP110,CDK1,CEP57,CSNK1E,PAFAH1B1,PCM1,PLK1,PRKACA,SKP1
R-HSA-2644602	Signaling by NOTCH1 PEST Domain Mutants in Cancer	8	ADAM10,HDAC2,HDAC6,HES1,MAMLD1,MYC,NOTCH1,SKP1
R-HSA-2644603	Signaling by NOTCH1 in Cancer	8	ADAM10,HDAC2,HDAC6,HES1,MAMLD1,MYC,NOTCH1,SKP1
R-HSA-2644606	Constitutive Signaling by NOTCH1 PEST Domain Mutants	8	ADAM10,HDAC2,HDAC6,HES1,MAMLD1,MYC,NOTCH1,SKP1
R-HSA-2682334	EPH-Ephrin signaling	19	ADAM10,CDC42,CLTB,CLTC,DNM1,EPHA3,EPHB2,FYN,LYN,MMP2,MYL9,NCK2,PAK1,PTK2,RASA1,RHOA,SRC,TIAM1,VAV3
R-HSA-2730905	Role of LAT2/NTAL/LAB on calcium mobilization	5	FYN,LYN,PIK3CA,SHC1,SYK
R-HSA-2871796	FCERI mediated MAPK activation	9	FOS,JUN,LYN,MAPK9,NRAS,PAK1,SHC1,SYK,VAV3
R-HSA-2871809	FCERI mediated Ca+2 mobilization	6	BTK,LYN,NFATC3,SHC1,SYK,VAV3
R-HSA-2871837	FCERI mediated NF-kB activation	7	IKBKB,LYN,MALT1,NFKBIA,PRKCQ,PSMD2,SKP1
R-HSA-2894858	Signaling by NOTCH1 HD+PEST Domain Mutants in Cancer	8	ADAM10,HDAC2,HDAC6,HES1,MAMLD1,MYC,NOTCH1,SKP1
R-HSA-2894862	Constitutive Signaling by NOTCH1 HD+PEST Domain Mutants	8	ADAM10,HDAC2,HDAC6,HES1,MAMLD1,MYC,NOTCH1,SKP1
R-HSA-2980766	Nuclear Envelope Breakdown	10	CCNB1,CCNB2,CDK1,NUP133,NUP62,NUP85,NUP88,NUP93,PLK1,RAE1
R-HSA-2990846	SUMOylation	35	AURKA,AURKB,BIRC5,BRCA1,CDKN2A,DAXX,DNMT1,DNMT3A,HDAC2,IKBKE,MTA1,NFKB2,NFKBIA,NR1H2,NR3C1,NRIP1,NUP133,NUP62,NUP85,NUP88,NUP93,PARP1,PCNA,PPARG,RAE1,RPA1,SATB1,SMC1A,SMC3,SUZ12,TFAP2A,TOP2A,TP53,TP53BP1,ZNF131
R-HSA-2995410	Nuclear Envelope (NE) Reassembly	11	CCNB1,CCNB2,CDK1,CHMP4A,CHMP6,LBR,NUP133,NUP62,NUP85,NUP93,TUBB6
R-HSA-3000171	Non-integrin membrane-ECM interactions	9	CASK,COL1A1,COL4A1,DAG1,DDR1,ITGB5,LAMA3,PDGFA,SGCB
R-HSA-3000178	ECM proteoglycans	8	APP,COL1A1,COL4A1,DAG1,ITGB5,LAMA3,SERPINE1,TGFB3
R-HSA-3108214	SUMOylation of DNA damage response and repair proteins	12	BRCA1,CDKN2A,NUP133,NUP62,NUP85,NUP88,NUP93,PARP1,RAE1,RPA1,SMC1A,SMC3
R-HSA-3108232	SUMO E3 ligases SUMOylate target proteins	35	AURKA,AURKB,BIRC5,BRCA1,CDKN2A,DAXX,DNMT1,DNMT3A,HDAC2,IKBKE,MTA1,NFKB2,NFKBIA,NR1H2,NR3C1,NRIP1,NUP133,NUP62,NUP85,NUP88,NUP93,PARP1,PCNA,PPARG,RAE1,RPA1,SATB1,SMC1A,SMC3,SUZ12,TFAP2A,TOP2A,TP53,TP53BP1,ZNF131
R-HSA-3214841	PKMTs methylate histone lysines	5	EED,EZH2,NFKB2,SUV39H1,SUZ12
R-HSA-3214842	HDMs demethylate histones	5	ARID5B,JMJD6,KDM3A,KDM5A,KDM5B
R-HSA-3214847	HATs acetylate histones	7	HAT1,JADE2,KAT6A,KAT6B,RUVBL1,USP22,VPS72
R-HSA-3214858	RMTs methylate histone arginines	6	CCND1,CDK4,DNMT3A,SMARCA4,SMARCC1,SMARCD2
R-HSA-3232118	SUMOylation of transcription factors	5	CDKN2A,MTA1,TFAP2A,TP53,TP53BP1
R-HSA-3232142	SUMOylation of ubiquitinylation proteins	6	NUP133,NUP62,NUP85,NUP88,NUP93,RAE1
R-HSA-3247509	Chromatin modifying enzymes	27	ARID4B,ARID5B,CCND1,CDK4,DNMT3A,EED,EZH2,HAT1,HDAC2,HMG20B,JADE2,JMJD6,KAT6A,KAT6B,KDM3A,KDM5A,KDM5B,MTA1,NFKB2,RUVBL1,SMARCA4,SMARCC1,SMARCD2,SUV39H1,SUZ12,USP22,VPS72
R-HSA-3301854	Nuclear Pore Complex (NPC) Disassembly	9	CCNB1,CCNB2,CDK1,NUP133,NUP62,NUP85,NUP88,NUP93,RAE1
R-HSA-3371453	Regulation of HSF1-mediated heat shock response	19	BAG3,DNAJB1,DNAJB6,FKBP4,HSPA1A,HSPA4,HSPA8,HSPB1,MAPKAPK2,NUP133,NUP62,NUP85,NUP88,NUP93,RAE1,RPA1,RPA2,RPA3,TNFRSF21
R-HSA-3371497	HSP90 chaperone cycle for steroid hormone receptors (SHR) in the presence of ligand	6	DNAJB1,FKBP4,HSPA1A,HSPA8,NR3C1,TUBB6
R-HSA-3371511	HSF1 activation	10	DNAJB1,DNAJB6,FKBP4,HDAC6,HSPA1A,HSPB1,RPA1,RPA2,RPA3,TNFRSF21
R-HSA-3371556	Cellular response to heat stress	20	BAG3,DNAJB1,DNAJB6,FKBP4,HDAC6,HSPA1A,HSPA4,HSPA8,HSPB1,MAPKAPK2,NUP133,NUP62,NUP85,NUP88,NUP93,RAE1,RPA1,RPA2,RPA3,TNFRSF21
R-HSA-3371568	Attenuation phase	7	DNAJB1,DNAJB6,FKBP4,HSPA1A,HSPA8,HSPB1,TNFRSF21
R-HSA-3371571	HSF1-dependent transactivation	7	DNAJB1,DNAJB6,FKBP4,HSPA1A,HSPA8,HSPB1,TNFRSF21
R-HSA-354192	Integrin signaling	8	AKT1,CRK,CSK,PTK2,PTPN1,SHC1,SRC,SYK
R-HSA-3700989	Transcriptional Regulation by TP53	64	AKT1,AURKA,AURKB,BAX,BID,BIRC5,BNIP3L,BRCA1,CASP10,CASP2,CCNA1,CCNA2,CCNB1,CCNE2,CCNH,CDK1,CDK2,CDK5R1,CDK7,CDKN1A,CDKN1B,CDKN2A,CHEK1,CHEK2,CNOT4,CSNK2A2,CYCS,DAXX,DDB2,DDIT4,FAS,FOS,GADD45A,HDAC2,IGFBP3,JUN,KAT6A,MAPKAPK5,MNAT1,PCNA,PIN1,PIP4K2B,PMAIP1,POLR2I,POLR2K,PPP1R13B,PRKAG2,RAD9A,RFC2,RFC5,RHEB,RPA1,RPA2,RPA3,RRAGA,SESN1,SFN,TBP,TFDP1,TOPBP1,TP53,TP53BP2,TXNRD1,USP7
R-HSA-372790	Signaling by GPCR	47	ABHD6,ADGRE5,ADRB2,AKT1,APP,ARHGEF12,ARHGEF2,BTK,C5,CCL2,CDC42,CREB1,CXCL2,CXCR4,EDN1,EGFR,FZD1,FZD7,GNA11,GNA15,GNAI1,GNAI2,GNAS,GNB5,GPER1,HEBP1,LPAR2,NET1,NRAS,PAK1,PIK3CA,PIK3R3,PLA2G4A,PLCB3,PRKACA,PRKCD,PRKCH,PRKCQ,PRKX,RGS2,RHOA,RPS6KA1,SHC1,SRC,TBXA2R,TIAM1,VAV3
R-HSA-373076	Class A/1 (Rhodopsin-like receptors)	11	ADRB2,APP,C5,CCL2,CXCL2,CXCR4,EDN1,GPER1,HEBP1,LPAR2,TBXA2R
R-HSA-373080	Class B/2 (Secretin family receptors)	5	ADGRE5,FZD1,FZD7,GNAS,GNB5
R-HSA-373752	Netrin-1 signaling	7	CDC42,FYN,MYO10,NCK1,PRKCQ,PTK2,SRC
R-HSA-373753	Nephrin family interactions	7	CASK,FYN,IQGAP1,NCK1,NCK2,PIK3CA,SPTAN1
R-HSA-373755	Semaphorin interactions	8	ARHGEF12,CDK5R1,ERBB2,FYN,MYL9,PAK1,PTPRC,RHOA
R-HSA-373760	L1CAM interactions	11	CLTC,CSNK2A2,DNM1,EGFR,EPHB2,HSPA8,PAK1,RPS6KA1,SPTAN1,SRC,TUBB6
R-HSA-375165	NCAM signaling for neurite out-growth	7	COL4A1,CREB1,FYN,NRAS,PTK2,SPTAN1,SRC
R-HSA-375276	Peptide ligand-binding receptors	8	APP,C5,CCL2,CXCL2,CXCR4,EDN1,GPER1,HEBP1
R-HSA-376176	Signaling by ROBO receptors	21	ABL1,CASC3,CDC42,CXCR4,DAG1,EIF4G1,EVL,GPC1,NCK1,NCK2,PAK1,PAK4,PAK6,PRKACA,PSMD2,RHOA,RNPS1,RPL39L,RPS5,RPS6,SRC
R-HSA-3781865	Diseases of glycosylation	11	B4GAT1,DAG1,DHDDS,EXT1,GALE,GFPT1,GPC1,MUC1,NOTCH1,PGM1,PMM2
R-HSA-380259	Loss of Nlp from mitotic centrosomes	8	CCP110,CDK1,CEP57,CSNK1E,PAFAH1B1,PCM1,PLK1,PRKACA
R-HSA-380270	Recruitment of mitotic centrosome proteins and complexes	8	CCP110,CDK1,CEP57,CSNK1E,PAFAH1B1,PCM1,PLK1,PRKACA
R-HSA-380284	Loss of proteins required for interphase microtubule organization from the centrosome	8	CCP110,CDK1,CEP57,CSNK1E,PAFAH1B1,PCM1,PLK1,PRKACA
R-HSA-380287	Centrosome maturation	8	CCP110,CDK1,CEP57,CSNK1E,PAFAH1B1,PCM1,PLK1,PRKACA
R-HSA-380320	Recruitment of NuMA to mitotic centrosomes	9	CCP110,CDK1,CEP57,CSNK1E,PAFAH1B1,PCM1,PLK1,PRKACA,TUBB6
R-HSA-381038	XBP1(S) activates chaperone genes	9	EDEM1,FKBP14,GFPT1,HYOU1,PDIA5,SHC1,TATDN2,WFS1,XBP1
R-HSA-381070	IRE1alpha activates chaperones	9	EDEM1,FKBP14,GFPT1,HYOU1,PDIA5,SHC1,TATDN2,WFS1,XBP1
R-HSA-381119	Unfolded Protein Response (UPR)	14	ATF6,CCL2,EDEM1,EXOSC4,FKBP14,GFPT1,HERPUD1,HYOU1,MBTPS1,PDIA5,SHC1,TATDN2,WFS1,XBP1
R-HSA-381340	Transcriptional regulation of white adipocyte differentiation	7	CCND3,CDK19,CDK4,CEBPA,CEBPD,NCOA3,PPARG
R-HSA-381426	Regulation of Insulin-like Growth Factor (IGF) transport and uptake by Insulin-like Growth Factor Binding Proteins (IGFBPs)	13	ADAM10,APOE,APP,BMP4,CALU,IGFBP3,KTN1,MBTPS1,MMP1,MMP2,PRSS23,SPP1,WFS1
R-HSA-382551	Transport of small molecules	35	ABCB6,ABCC5,ABCF1,ANO10,APOE,ATP11B,ATP1B1,ATP2C1,ATP6V0B,ATP6V1D,CLTC,GNAS,GNB5,HMOX1,LIPA,LSR,MBTPS1,MCOLN1,NPC1,NR1H2,PRKACA,PSMD2,RAB11FIP2,SCARB1,SKP1,SLC11A2,SLC1A4,SLC25A4,SLC2A6,SLC35A1,SLC35A3,SLC5A6,TSC22D3,VDAC1,YME1L1
R-HSA-383280	Nuclear Receptor transcription pathway	5	NR1H2,NR2F6,NR3C1,PPARD,PPARG
R-HSA-3858494	Beta-catenin independent WNT signaling	10	CLTB,CLTC,FZD1,FZD7,GNB5,MYC,PLCB3,PSMD2,RAC2,RHOA
R-HSA-388396	GPCR downstream signalling	43	ABHD6,ADRB2,AKT1,APP,ARHGEF12,ARHGEF2,BTK,C5,CDC42,CREB1,CXCL2,CXCR4,EDN1,EGFR,GNA11,GNA15,GNAI1,GNAI2,GNAS,GNB5,GPER1,HEBP1,LPAR2,NET1,NRAS,PAK1,PIK3CA,PIK3R3,PLA2G4A,PLCB3,PRKACA,PRKCD,PRKCH,PRKCQ,PRKX,RGS2,RHOA,RPS6KA1,SHC1,SRC,TBXA2R,TIAM1,VAV3
R-HSA-388841	Regulation of T cell activation by CD28 family	32	AKT1,CCND1,CDC42,CDK4,CSK,CSNK2A2,EED,EZH2,FOS,FYN,HIF1A,HLA-DRA,JUN,LYN,MYC,NFE2L2,NFKB2,PAK1,PIK3CA,PIK3R3,PPP2R5A,PPP2R5E,PRKAG2,PSMD2,PTPN6,RPN1,SKP1,SRC,STAT1,STAT3,SUZ12,TRIB3
R-HSA-389356	Co-stimulation by CD28	11	AKT1,CDC42,FYN,LYN,PAK1,PIK3CA,PIK3R3,PPP2R5A,PPP2R5E,SRC,TRIB3
R-HSA-389357	CD28 dependent PI3K/Akt signaling	5	AKT1,FYN,PIK3CA,PIK3R3,TRIB3
R-HSA-389513	Co-inhibition by CTLA4	6	AKT1,FYN,LYN,PPP2R5A,PPP2R5E,SRC
R-HSA-389948	Co-inhibition by PD-1	21	CCND1,CDK4,CSK,CSNK2A2,EED,EZH2,FOS,HIF1A,HLA-DRA,JUN,MYC,NFE2L2,NFKB2,PRKAG2,PSMD2,PTPN6,RPN1,SKP1,STAT1,STAT3,SUZ12
R-HSA-390466	Chaperonin-mediated protein folding	8	CCNE2,CSNK2A2,GNA11,GNA15,GNB5,STAT3,TP53,TUBB6
R-HSA-391251	Protein folding	8	CCNE2,CSNK2A2,GNA11,GNA15,GNB5,STAT3,TP53,TUBB6
R-HSA-392518	Signal amplification	8	GNA11,GNA15,GNAI1,GNAI2,GNB5,PLA2G4A,SRC,TBXA2R
R-HSA-3928662	EPHB-mediated forward signaling	10	CDC42,EPHB2,FYN,LYN,PAK1,PTK2,RASA1,RHOA,SRC,TIAM1
R-HSA-3928663	EPHA-mediated growth cone collapse	6	EPHA3,FYN,LYN,MYL9,RHOA,SRC
R-HSA-3928664	Ephrin signaling	5	EPHB2,FYN,NCK2,PAK1,SRC
R-HSA-3928665	EPH-ephrin mediated repulsion of cells	12	ADAM10,CLTB,CLTC,DNM1,EPHA3,EPHB2,FYN,LYN,MMP2,SRC,TIAM1,VAV3
R-HSA-397014	Muscle contraction	10	ATP1B1,ITGB5,KCNK1,MYL9,MYLK,PAK1,PRKACA,PXN,SORBS3,TPM1
R-HSA-397795	G-protein beta:gamma signalling	7	AKT1,BTK,CDC42,GNB5,PAK1,PLCB3,RHOA
R-HSA-400206	Regulation of lipid metabolism by PPARalpha	14	ALAS1,ARNT2,CDK19,FDFT1,FHL2,HMGCR,HMGCS1,NCOA3,NR1H2,PEX11A,PPARG,TNFRSF21,TRIB3,TXNRD1
R-HSA-4085377	SUMOylation of SUMOylation proteins	6	NUP133,NUP62,NUP85,NUP88,NUP93,RAE1
R-HSA-4086400	PCP/CE pathway	7	CLTB,CLTC,FZD1,FZD7,PSMD2,RAC2,RHOA
R-HSA-416476	G alpha (q) signalling events	20	ABHD6,APP,BTK,CREB1,EDN1,EGFR,GNA11,GNA15,GNB5,LPAR2,NRAS,PIK3CA,PIK3R3,PLCB3,PRKCD,PRKCH,PRKCQ,RGS2,RPS6KA1,TBXA2R
R-HSA-416482	G alpha (12/13) signalling events	9	ARHGEF12,ARHGEF2,BTK,GNB5,NET1,RHOA,TBXA2R,TIAM1,VAV3
R-HSA-418346	Platelet homeostasis	7	GNAS,GNB5,NOS3,PLA2G4A,PPP2R5A,PPP2R5E,PTPN6
R-HSA-418555	G alpha (s) signalling events	9	ADRB2,GNAI1,GNAI2,GNAS,GNB5,GPER1,PRKACA,SHC1,SRC
R-HSA-418592	ADP signalling through P2Y purinoceptor 1	5	GNA11,GNA15,GNB5,PLA2G4A,SRC
R-HSA-418594	G alpha (i) signalling events	20	APP,C5,CREB1,CXCL2,CXCR4,GNA11,GNA15,GNAI1,GNAI2,GNAS,GNB5,GPER1,HEBP1,LPAR2,PLA2G4A,PLCB3,PRKACA,PRKCD,PRKX,SRC
R-HSA-418597	G alpha (z) signalling events	7	GNAI1,GNAI2,GNAS,GNB5,PRKCD,PRKCH,PRKCQ
R-HSA-418885	DCC mediated attractive signaling	5	CDC42,FYN,NCK1,PTK2,SRC
R-HSA-418990	Adherens junctions interactions	22	BIRC2,CDC42,CDH3,CSNK2A2,CTNND1,CTSL,EED,EZH2,FYN,HDAC2,MYC,PSMD2,RB1,RPN1,SMARCA4,SRC,STAT3,SUZ12,TFAP2A,TIAM1,TLE1,ZMYM2
R-HSA-421270	Cell-cell junction organization	22	BIRC2,CDC42,CDH3,CSNK2A2,CTNND1,CTSL,EED,EZH2,FYN,HDAC2,MYC,PSMD2,RB1,RPN1,SMARCA4,SRC,STAT3,SUZ12,TFAP2A,TIAM1,TLE1,ZMYM2
R-HSA-422356	Regulation of insulin secretion	12	GNA11,GNA15,GNAI1,GNAI2,GNAS,GNB5,IQGAP1,PLCB3,PRKACA,SNAP25,STX1A,STXBP1
R-HSA-422475	Axon guidance	57	ABL1,ADAM10,ARHGEF12,CASC3,CDC42,CDK5R1,CLTB,CLTC,COL4A1,CREB1,CSNK2A2,CXCR4,DAG1,DNM1,EGFR,EIF4G1,EPHA3,EPHB2,ERBB2,EVL,FRS2,FYN,GPC1,GRB10,GRB7,HSPA8,LYN,MMP2,MYL9,MYO10,NCK1,NCK2,NRAS,PAK1,PAK4,PAK6,PIK3CA,PIK3R3,PRKACA,PRKCQ,PSMD2,PTK2,PTPRC,RAP1GAP,RASA1,RHOA,RNPS1,RPL39L,RPS5,RPS6,RPS6KA1,SHC1,SPTAN1,SRC,TIAM1,TUBB6,VAV3
R-HSA-425407	SLC-mediated transmembrane transport	7	SLC11A2,SLC1A4,SLC25A4,SLC2A6,SLC35A1,SLC35A3,SLC5A6
R-HSA-427413	NoRC negatively regulates rRNA expression	9	ARID4B,CCNH,CDK7,DNMT1,HDAC2,MNAT1,POLR1C,POLR2K,TBP
R-HSA-428157	Sphingolipid metabolism	6	ASAH1,CERK,FUT1,SPTLC2,ST3GAL5,VAPB
R-HSA-428540	Activation of RAC1	5	NCK1,NCK2,PAK1,PAK4,PAK6
R-HSA-429914	Deadenylation-dependent mRNA decay	6	CNOT4,EIF4G1,EXOSC4,LSM5,LSM6,PAN2
R-HSA-437239	Recycling pathway of L1	5	CLTC,DNM1,RPS6KA1,SRC,TUBB6
R-HSA-438064	Post NMDA receptor activation events	8	CREB1,NRAS,PRKACA,PRKAG2,PRKX,RPS6KA1,SRC,TUBB6
R-HSA-4420097	VEGFA-VEGFR2 Pathway	27	AKT1,CDC42,CRK,CTNND1,FYN,HSPB1,MAPK13,MAPKAPK2,MAPKAPK3,NCK1,NCK2,NOS3,NRAS,PAK1,PIK3CA,PRKACA,PRKCD,PTK2,PTK2B,PXN,RASA1,RHOA,SHB,SRC,TRIB3,VAV3,WASF3
R-HSA-442755	Activation of NMDA receptors and postsynaptic events	9	CASK,CREB1,NRAS,PRKACA,PRKAG2,PRKX,RPS6KA1,SRC,TUBB6
R-HSA-445355	Smooth Muscle Contraction	7	ITGB5,MYL9,MYLK,PAK1,PXN,SORBS3,TPM1
R-HSA-445989	TAK1-dependent IKK and NF-kappa-B activation	7	APP,IKBKB,NFKB2,NFKBIA,NFKBIB,TP53,USP14
R-HSA-446193	Biosynthesis of the N-glycan precursor (dolichol lipid-linked oligosaccharide, LLO) and transfer to a nascent protein	8	AMDHD2,DHDDS,GFPT1,HK1,PMM2,SLC35A1,ST3GAL5,ST6GALNAC2
R-HSA-446203	Asparagine N-linked glycosylation	23	AMDHD2,COG2,COG4,COG7,COPB2,DHDDS,EDEM1,GFPT1,HK1,KDELR2,MLEC,PMM2,RPN1,SLC35A1,SPTAN1,ST3GAL5,ST6GALNAC2,TMED10,TRAPPC3,TRAPPC6A,TRIM13,TUBB6,YKT6
R-HSA-446219	Synthesis of substrates in N-glycan biosythesis	8	AMDHD2,DHDDS,GFPT1,HK1,PMM2,SLC35A1,ST3GAL5,ST6GALNAC2
R-HSA-446652	Interleukin-1 family signaling	15	APP,IKBKB,IL1B,NFKB2,NFKBIA,NFKBIB,PSMD2,PTPN12,PTPN6,SKP1,SMAD3,SQSTM1,STAT3,TP53,USP14
R-HSA-446728	Cell junction organization	27	BIRC2,CDC42,CDH3,CSNK2A2,CTNND1,CTSL,EED,EZH2,FYN,HDAC2,ILK,LAMA3,MYC,PSMD2,PXN,RB1,RPN1,RSU1,SMARCA4,SRC,STAT3,SUZ12,TESK1,TFAP2A,TIAM1,TLE1,ZMYM2
R-HSA-447115	Interleukin-12 family signaling	6	CDC42,MIF,PSME2,RALA,STAT1,STAT3
R-HSA-448424	Interleukin-17 signaling	14	ATF1,CREB1,DUSP3,DUSP4,DUSP6,FOS,IKBKB,JUN,MAPK9,MAPKAPK2,MAPKAPK3,MEF2C,RPS6KA1,SKP1
R-HSA-449836	Other interleukin signaling	6	CASP3,SNAP25,STX1A,STX4,STXBP2,TXLNA
R-HSA-450282	MAPK targets/ Nuclear events mediated by MAP kinases	11	ATF1,CREB1,DUSP3,DUSP4,DUSP6,FOS,JUN,MAPK9,MAPKAPK2,MEF2C,RPS6KA1
R-HSA-450294	MAP kinase activation	14	ATF1,CREB1,DUSP3,DUSP4,DUSP6,FOS,IKBKB,JUN,MAPK9,MAPKAPK2,MAPKAPK3,MEF2C,RPS6KA1,SKP1
R-HSA-450408	AUF1 (hnRNP D0) binds and destabilizes mRNA	5	EIF4G1,HSPA1A,HSPA8,HSPB1,PSMD2
R-HSA-450531	Regulation of mRNA stability by proteins that bind AU-rich elements	11	AKT1,EIF4G1,ELAVL1,EXOSC4,HSPA1A,HSPA8,HSPB1,MAPKAPK2,PRKCD,PSMD2,ZFP36
R-HSA-451927	Interleukin-2 family signaling	9	PIK3CA,PIK3R3,PTK2B,PTPN6,SHC1,STAT1,STAT3,STAT5B,SYK
R-HSA-453274	Mitotic G2-G2/M phases	25	AURKA,CCNA1,CCNA2,CCNB1,CCNB2,CCNH,CCP110,CDC25A,CDC25B,CDK1,CDK2,CDK7,CDKN1A,CEP57,CSNK1E,MNAT1,MYBL2,PAFAH1B1,PCM1,PLK1,PRKACA,PSMD2,SKP1,TP53,TUBB6
R-HSA-453276	Regulation of mitotic cell cycle	14	AURKA,AURKB,BUB1B,CCNA1,CCNA2,CCNB1,CDC20,CDK1,CDK2,PLK1,PSMD2,RB1,SKP1,UBE2C
R-HSA-453279	Mitotic G1 phase and G1/S transition	38	ABL1,AKT1,CCNA1,CCNA2,CCNB1,CCND1,CCND3,CCNE2,CCNH,CDC25A,CDC45,CDK1,CDK2,CDK4,CDK6,CDK7,CDKN1A,CDKN1B,CDKN2A,E2F2,GMNN,LYN,MCM3,MNAT1,MYBL2,MYC,ORC1,PCNA,POLE2,PSMD2,RB1,RPA1,RPA2,RPA3,SKP1,SRC,TFDP1,TOP2A
R-HSA-4551638	SUMOylation of chromatin organization proteins	9	HDAC2,NUP133,NUP62,NUP85,NUP88,NUP93,RAE1,SATB1,SUZ12
R-HSA-4570464	SUMOylation of RNA binding proteins	6	NUP133,NUP62,NUP85,NUP88,NUP93,RAE1
R-HSA-4615885	SUMOylation of DNA replication proteins	11	AURKA,AURKB,BIRC5,NUP133,NUP62,NUP85,NUP88,NUP93,PCNA,RAE1,TOP2A
R-HSA-4641262	Disassembly of the destruction complex and recruitment of AXIN to the membrane	5	AXIN1,CSNK1A1,FZD1,PPP2R5A,PPP2R5E
R-HSA-4839726	Chromatin organization	35	ARID4B,ARID5B,BCL7B,CCND1,CDK4,CHERP,DDX42,DNMT3A,EED,EZH2,HAT1,HDAC2,HMG20B,IKZF1,JADE2,JMJD6,KAT6A,KAT6B,KDM3A,KDM5A,KDM5B,MTA1,NFE2L2,NFKB2,PAF1,PUF60,RUVBL1,SMARCA4,SMARCC1,SMARCD2,SMNDC1,SUV39H1,SUZ12,USP22,VPS72
R-HSA-500792	GPCR ligand binding	16	ADGRE5,ADRB2,APP,C5,CCL2,CXCL2,CXCR4,EDN1,FZD1,FZD7,GNAS,GNB5,GPER1,HEBP1,LPAR2,TBXA2R
R-HSA-512988	Interleukin-3, Interleukin-5 and GM-CSF signaling	11	CRK,CRKL,FYN,LYN,PIK3CA,PIK3R3,PRKACA,PTPN6,SHC1,STAT5B,SYK
R-HSA-5173105	O-linked glycosylation	5	B4GAT1,DAG1,MUC1,SLC35A1,ST6GALNAC2
R-HSA-5205647	Mitophagy	5	CSNK2A2,MTERF3,SQSTM1,SRC,VDAC1
R-HSA-5218859	Regulated Necrosis	11	BAX,BIRC2,CASP3,CFLAR,CHMP4A,CHMP6,CYCS,FAS,IL1B,STUB1,TP53
R-HSA-5218920	VEGFR2 mediated vascular permeability	6	AKT1,CTNND1,NOS3,PAK1,TRIB3,VAV3
R-HSA-5250913	Positive epigenetic regulation of rRNA expression	5	HDAC2,MTA1,POLR1C,POLR2K,TBP
R-HSA-5250941	Negative epigenetic regulation of rRNA expression	11	ARID4B,CCNH,CDK7,DNMT1,HDAC2,MNAT1,POLR1C,POLR2K,RRP8,SUV39H1,TBP
R-HSA-5260271	Diseases of Immune System	7	APP,BTK,IKBKB,NFKB2,NFKBIA,TICAM1,TLR4
R-HSA-5357769	Caspase activation via extrinsic apoptotic signalling pathway	5	CASP3,CFLAR,FAS,TICAM1,TLR4
R-HSA-5357801	Programmed Cell Death	37	AKT1,BAD,BAX,BCL2,BID,BIRC2,CASP3,CASP7,CDKN2A,CFLAR,CHMP4A,CHMP6,CYCS,DFFA,DFFB,DNM1L,DSG2,FAS,IL1B,NMT1,PMAIP1,PPP1R13B,PRKCD,PRKCQ,PSMD2,PTK2,SATB1,SFN,SPTAN1,STAT3,STUB1,TFDP1,TICAM1,TJP1,TLR4,TP53,TP53BP2
R-HSA-5357905	Regulation of TNFR1 signaling	6	BIRC2,CFLAR,IKBKB,IKBKE,MAPKAPK2,STUB1
R-HSA-5358351	Signaling by Hedgehog	7	CSNK1A1,GLI2,GNAS,PRKACA,PSMD2,SKP1,TUBB6
R-HSA-5358508	Mismatch Repair	7	LIG1,MSH6,PCNA,POLD4,RPA1,RPA2,RPA3
R-HSA-5358565	Mismatch repair (MMR) directed by MSH2:MSH6 (MutSalpha)	7	LIG1,MSH6,PCNA,POLD4,RPA1,RPA2,RPA3
R-HSA-5358606	Mismatch repair (MMR) directed by MSH2:MSH3 (MutSbeta)	6	LIG1,PCNA,POLD4,RPA1,RPA2,RPA3
R-HSA-5368286	Mitochondrial translation initiation	5	MRPL12,MRPL19,MRPS16,MRPS2,OXA1L
R-HSA-5368287	Mitochondrial translation	5	MRPL12,MRPL19,MRPS16,MRPS2,OXA1L
R-HSA-5389840	Mitochondrial translation elongation	5	MRPL12,MRPL19,MRPS16,MRPS2,OXA1L
R-HSA-5419276	Mitochondrial translation termination	5	MRPL12,MRPL19,MRPS16,MRPS2,OXA1L
R-HSA-556833	Metabolism of lipids	64	ABHD4,ACAA1,ACAT2,ACLY,ACOT9,ALAS1,ARNT2,ASAH1,BDH1,CBR1,CDK19,CERK,CPNE3,CSNK2A2,DECR1,EBP,ELOVL6,FDFT1,FHL2,FUT1,GDPD5,HACD3,HADH,HMGCR,HMGCS1,HSD17B11,INPP4B,INSIG1,LBR,LGMN,LPGAT1,MAPKAPK2,MBOAT7,MBTPS1,NCOA3,NR1H2,NSDHL,OXCT1,PCCB,PECR,PEX11A,PIK3C2B,PIK3C3,PIK3CA,PIK3R3,PIK3R4,PIP4K2B,PLA2G15,PLA2G4A,PPARD,PPARG,PRKACA,PRKAG2,PTGS2,RAB4A,SACM1L,SCP2,SLC27A3,SPTLC2,ST3GAL5,TNFRSF21,TRIB3,TXNRD1,VAPB
R-HSA-5602358	Diseases associated with the TLR signaling cascade	6	BTK,IKBKB,NFKB2,NFKBIA,TICAM1,TLR4
R-HSA-5607764	CLEC7A (Dectin-1) signaling	12	IKBKB,IL1B,MALT1,NFATC3,NFKB2,NFKBIA,PRKCD,PSMD2,RELB,SKP1,SRC,SYK
R-HSA-5609975	Diseases associated with glycosylation precursor biosynthesis	5	DHDDS,GALE,GFPT1,PGM1,PMM2
R-HSA-5610783	Degradation of GLI2 by the proteasome	5	CSNK1A1,GLI2,PRKACA,PSMD2,SKP1
R-HSA-5610787	Hedgehog 'off' state	7	CSNK1A1,GLI2,GNAS,PRKACA,PSMD2,SKP1,TUBB6
R-HSA-5617472	Activation of anterior HOX genes in hindbrain development during early embryogenesis	7	EED,EZH2,JUN,NCOA3,POLR2I,POLR2K,SUZ12
R-HSA-5617833	Cilium Assembly	11	CCP110,CDK1,CEP57,CSNK1E,HDAC6,PAFAH1B1,PCM1,PLK1,PRKACA,TCTN1,TUBB6
R-HSA-5619102	SLC transporter disorders	10	HK1,NUP133,NUP62,NUP85,NUP88,NUP93,RAE1,SLC11A2,SLC35A1,SLC35A3
R-HSA-5619107	Defective TPR may confer susceptibility towards thyroid papillary carcinoma (TPC)	6	NUP133,NUP62,NUP85,NUP88,NUP93,RAE1
R-HSA-5619115	Disorders of transmembrane transporters	12	ABCB6,HK1,NUP133,NUP62,NUP85,NUP88,NUP93,PSMD2,RAE1,SLC11A2,SLC35A1,SLC35A3
R-HSA-5619507	Activation of HOX genes during differentiation	7	EED,EZH2,JUN,NCOA3,POLR2I,POLR2K,SUZ12
R-HSA-5620912	Anchoring of the basal body to the plasma membrane	9	CCP110,CDK1,CEP57,CSNK1E,PAFAH1B1,PCM1,PLK1,PRKACA,TCTN1
R-HSA-5620971	Pyroptosis	7	BAX,CASP3,CHMP4A,CHMP6,CYCS,IL1B,TP53
R-HSA-5621481	C-type lectin receptors (CLRs)	19	FYN,ICAM3,IKBKB,IL1B,LYN,MALT1,MUC1,NFATC3,NFKB2,NFKBIA,NRAS,PAK1,PRKACA,PRKCD,PSMD2,RELB,SKP1,SRC,SYK
R-HSA-5621575	CD209 (DC-SIGN) signaling	7	FYN,ICAM3,LYN,NRAS,PAK1,PRKACA,RELB
R-HSA-5627123	RHO GTPases activate PAKs	5	CDC42,CTTN,MYL9,MYLK,PAK1
R-HSA-5628897	TP53 Regulates Metabolic Genes	10	AKT1,CYCS,DDIT4,PRKAG2,RHEB,RRAGA,SESN1,SFN,TP53,TXNRD1
R-HSA-5633007	Regulation of TP53 Activity	32	AKT1,AURKA,AURKB,BRCA1,CCNA1,CCNA2,CDK1,CDK2,CDK5R1,CDKN2A,CHEK1,CHEK2,CSNK2A2,DAXX,HDAC2,KAT6A,MAPKAPK5,PIN1,PIP4K2B,PPP1R13B,PRKAG2,RAD9A,RFC2,RFC5,RPA1,RPA2,RPA3,TBP,TOPBP1,TP53,TP53BP2,USP7
R-HSA-5633008	TP53 Regulates Transcription of Cell Death Genes	12	BAX,BID,BIRC5,BNIP3L,CASP10,CASP2,FAS,IGFBP3,PMAIP1,PPP1R13B,TP53,TP53BP2
R-HSA-5637810	Constitutive Signaling by EGFRvIII	5	EGF,EGFR,NRAS,PIK3CA,SHC1
R-HSA-5637812	Signaling by EGFRvIII in Cancer	5	EGF,EGFR,NRAS,PIK3CA,SHC1
R-HSA-5637815	Signaling by Ligand-Responsive EGFR Variants in Cancer	5	EGF,EGFR,NRAS,PIK3CA,SHC1
R-HSA-5651801	PCNA-Dependent Long Patch Base Excision Repair	10	LIG1,PCNA,POLB,POLD4,POLE2,RFC2,RFC5,RPA1,RPA2,RPA3
R-HSA-5653656	Vesicle-mediated transport	60	ACBD3,ADRB2,AKT1,APOE,APP,ARFIP2,C2CD5,CENPE,CHMP4A,CHMP6,CLTB,CLTC,COG2,COG4,COG7,COL1A1,COL4A1,COPB2,COPS7A,CTTN,CYTH1,DENND2D,DNM1,EGF,EGFR,EPN2,FCHO1,HSPA8,HYOU1,IGF2R,KDELR2,KIF20A,KIF2C,KIF5C,PACSIN3,PAFAH1B1,PAFAH1B3,PLA2G4A,PRKAG2,RAB21,RAB27A,RAB31,RAB4A,RALA,SCARB1,SFN,SPTAN1,SRC,STX4,TJP1,TMED10,TOR1A,TRAPPC3,TRAPPC6A,TUBB6,UBQLN2,USP6NL,VPS28,YKT6,ZW10
R-HSA-5654696	Downstream signaling of activated FGFR2	5	FGFR2,FRS2,NRAS,PIK3CA,SHC1
R-HSA-5654716	Downstream signaling of activated FGFR4	5	FGFR4,FRS2,NRAS,PIK3CA,SHC1
R-HSA-5654736	Signaling by FGFR1	7	FRS2,MKNK1,NRAS,PIK3CA,SHC1,SPRED2,SRC
R-HSA-5654738	Signaling by FGFR2	9	FGFR2,FRS2,MKNK1,NRAS,PIK3CA,POLR2I,POLR2K,SHC1,SRC
R-HSA-5654741	Signaling by FGFR3	6	FRS2,MKNK1,NRAS,PIK3CA,SHC1,SRC
R-HSA-5654743	Signaling by FGFR4	7	FGFR4,FRS2,MKNK1,NRAS,PIK3CA,SHC1,SRC
R-HSA-5655253	Signaling by FGFR2 in disease	6	FGFR2,FRS2,NRAS,PIK3CA,POLR2I,POLR2K
R-HSA-5655302	Signaling by FGFR1 in disease	7	FRS2,NRAS,PIK3CA,STAT1,STAT3,STAT5B,ZMYM2
R-HSA-5655862	Translesion synthesis by POLK	6	PCNA,RFC2,RFC5,RPA1,RPA2,RPA3
R-HSA-5656121	Translesion synthesis by POLI	6	PCNA,RFC2,RFC5,RPA1,RPA2,RPA3
R-HSA-5656169	Termination of translesion DNA synthesis	9	PCNA,POLD4,POLE2,RFC2,RFC5,RPA1,RPA2,RPA3,UBE2L6
R-HSA-5663202	Diseases of signal transduction by growth factor receptors and second messengers	60	ADAM10,AKT1,AXIN1,BAD,CCNB1,CDKN1A,CDKN1B,CLTC,CREB1,CSK,CSNK1A1,DNMT1,DUSP6,EGF,EGFR,ERBB2,ERBB3,FGFR2,FGFR4,FOXO3,FOXO4,FRS2,FYN,HDAC2,HDAC6,HES1,IQGAP1,JUN,KIT,LYN,MAMLD1,MAPK9,MYC,NOTCH1,NRAS,PDGFA,PIK3CA,PIK3R3,POLR2I,POLR2K,PPP2R5A,PPP2R5E,PSMD2,PTPN12,PTPN6,RAC2,RB1,RPS6,SHC1,SKP1,SMAD3,SPRED2,SQSTM1,SRC,STAT1,STAT3,STAT5B,TGFBR2,TP53,ZMYM2
R-HSA-5663213	RHO GTPases Activate WASPs and WAVEs	7	ABL1,BTK,CDC42,NCK1,PTK2,WASF3,WIPF2
R-HSA-5663220	RHO GTPases Activate Formins	18	AURKB,BIRC5,BUB1B,CDC20,CDC42,CENPE,EVL,KIF2C,NUP133,NUP85,PAFAH1B1,PLK1,PPP2R5A,PPP2R5E,RHOA,SRC,TUBB6,ZW10
R-HSA-5668541	TNFR2 non-canonical NF-kB pathway	6	BIRC2,CD40,NFKB2,PSMD2,RELB,SKP1
R-HSA-5668599	RHO GTPases Activate NADPH Oxidases	5	PIK3C3,PIK3R4,PIN1,PRKCD,RAC2
R-HSA-5668914	Diseases of metabolism	19	B4GAT1,CD320,DAG1,DHDDS,DLD,EXT1,GAA,GALE,GFPT1,GPC1,HPRT1,MUC1,NOTCH1,PCCB,PGM1,PMM2,PNP,RPIA,SLC37A4
R-HSA-5673001	RAF/MAP kinase cascade	29	CSK,DUSP4,DUSP6,EGF,EGFR,ERBB2,ERBB3,FGFR2,FGFR4,FRS2,FYN,ICMT,IQGAP1,KIT,LYPLA1,NRAS,PDGFA,PIK3CA,PPP2R5A,PPP2R5E,PRKCQ,PSMD2,PTK2,RALGDS,RASA1,SHC1,SPRED2,SPTAN1,SRC
R-HSA-5674400	Constitutive Signaling by AKT1 E17K in Cancer	7	AKT1,BAD,CDKN1A,CDKN1B,CREB1,FOXO3,FOXO4
R-HSA-5675221	Negative regulation of MAPK pathway	5	DUSP4,DUSP6,NRAS,PPP2R5A,PPP2R5E
R-HSA-5683057	MAPK family signaling cascades	42	CCND3,CDC42,CDK1,CSK,DNAJB1,DUSP4,DUSP6,EGF,EGFR,ERBB2,ERBB3,FGFR2,FGFR4,FOXO3,FRS2,FYN,HSPB1,ICMT,IQGAP1,JUN,KIT,LYPLA1,MAPKAPK5,MMP2,MYC,NCOA3,NRAS,PAK1,PDGFA,PIK3CA,PPP2R5A,PPP2R5E,PRKACA,PRKCQ,PSMD2,PTK2,RALGDS,RASA1,SHC1,SPRED2,SPTAN1,SRC
R-HSA-5684996	MAPK1/MAPK3 signaling	30	CDK1,CSK,DUSP4,DUSP6,EGF,EGFR,ERBB2,ERBB3,FGFR2,FGFR4,FRS2,FYN,ICMT,IQGAP1,KIT,LYPLA1,NRAS,PDGFA,PIK3CA,PPP2R5A,PPP2R5E,PRKCQ,PSMD2,PTK2,RALGDS,RASA1,SHC1,SPRED2,SPTAN1,SRC
R-HSA-5685938	HDR through Single Strand Annealing (SSA)	10	ABL1,BRCA1,LIG1,RAD9A,RFC2,RFC5,RPA1,RPA2,RPA3,TOPBP1
R-HSA-5685942	HDR through Homologous Recombination (HRR)	13	BRCA1,CHEK1,PCNA,POLD4,POLE2,RAD51C,RAD9A,RFC2,RFC5,RPA1,RPA2,RPA3,TOPBP1
R-HSA-5687128	MAPK6/MAPK4 signaling	14	CCND3,CDC42,CDK1,DNAJB1,FOXO3,HSPB1,JUN,MAPKAPK5,MMP2,MYC,NCOA3,PAK1,PRKACA,PSMD2
R-HSA-5688426	Deubiquitination	32	ADRB2,AXIN1,BECN1,BIRC2,BRCA1,CCNA1,CCNA2,CCP110,CDC20,CDC25A,CDK1,DDB2,FOXO4,GATA3,HIF1A,IDE,KEAP1,MYC,NFKBIA,POLB,PSMD2,RHOA,RUVBL1,SMAD3,STAMBP,TGFBR2,TNIP1,TP53,USP14,USP22,USP7,VDAC1
R-HSA-5689880	Ub-specific processing proteases	26	ADRB2,AXIN1,BECN1,BIRC2,CCNA1,CCNA2,CCP110,CDC20,CDC25A,DDB2,FOXO4,GATA3,HIF1A,IDE,KEAP1,MYC,NFKBIA,POLB,PSMD2,RUVBL1,SMAD3,TP53,USP14,USP22,USP7,VDAC1
R-HSA-5693532	DNA Double-Strand Break Repair	24	ABL1,BRCA1,CCNA1,CCNA2,CDK2,CHEK1,CHEK2,LIG1,PARP1,PARP2,PCNA,POLD4,POLE2,RAD51C,RAD9A,RFC2,RFC5,RPA1,RPA2,RPA3,TIMELESS,TOPBP1,TP53,TP53BP1
R-HSA-5693538	Homology Directed Repair	22	ABL1,BRCA1,CCNA1,CCNA2,CDK2,CHEK1,LIG1,PARP1,PARP2,PCNA,POLD4,POLE2,RAD51C,RAD9A,RFC2,RFC5,RPA1,RPA2,RPA3,TIMELESS,TOPBP1,TP53BP1
R-HSA-5693565	Recruitment and ATM-mediated phosphorylation of repair and signaling proteins at DNA double strand breaks	5	ABL1,BRCA1,CHEK2,TP53,TP53BP1
R-HSA-5693567	HDR through Homologous Recombination (HRR) or Single Strand Annealing (SSA)	20	ABL1,BRCA1,CCNA1,CCNA2,CDK2,CHEK1,LIG1,PCNA,POLD4,POLE2,RAD51C,RAD9A,RFC2,RFC5,RPA1,RPA2,RPA3,TIMELESS,TOPBP1,TP53BP1
R-HSA-5693579	Homologous DNA Pairing and Strand Exchange	10	BRCA1,CHEK1,RAD51C,RAD9A,RFC2,RFC5,RPA1,RPA2,RPA3,TOPBP1
R-HSA-5693606	DNA Double Strand Break Response	5	ABL1,BRCA1,CHEK2,TP53,TP53BP1
R-HSA-5693607	Processing of DNA double-strand break ends	14	BRCA1,CCNA1,CCNA2,CDK2,CHEK1,RAD9A,RFC2,RFC5,RPA1,RPA2,RPA3,TIMELESS,TOPBP1,TP53BP1
R-HSA-5693616	Presynaptic phase of homologous DNA pairing and strand exchange	10	BRCA1,CHEK1,RAD51C,RAD9A,RFC2,RFC5,RPA1,RPA2,RPA3,TOPBP1
R-HSA-5696394	DNA Damage Recognition in GG-NER	5	COPS7A,DDB2,PARP1,PARP2,RUVBL1
R-HSA-5696395	Formation of Incision Complex in GG-NER	9	CCNH,CDK7,DDB2,MNAT1,PARP1,PARP2,RPA1,RPA2,RPA3
R-HSA-5696397	Gap-filling DNA repair synthesis and ligation in GG-NER	9	LIG1,PCNA,POLD4,POLE2,RFC2,RFC5,RPA1,RPA2,RPA3
R-HSA-5696398	Nucleotide Excision Repair	21	CCNH,CDK7,COPS7A,DDB2,LIG1,MNAT1,PARP1,PARP2,PCNA,POLD4,POLE2,POLR2I,POLR2K,PPIE,RFC2,RFC5,RPA1,RPA2,RPA3,RUVBL1,USP7
R-HSA-5696399	Global Genome Nucleotide Excision Repair (GG-NER)	17	CCNH,CDK7,COPS7A,DDB2,LIG1,MNAT1,PARP1,PARP2,PCNA,POLD4,POLE2,RFC2,RFC5,RPA1,RPA2,RPA3,RUVBL1
R-HSA-5696400	Dual Incision in GG-NER	11	DDB2,PARP1,PARP2,PCNA,POLD4,POLE2,RFC2,RFC5,RPA1,RPA2,RPA3
R-HSA-611105	Respiratory electron transport	6	CYCS,ETFB,OXA1L,SDHB,SLC25A13,TRAP1
R-HSA-674695	RNA Polymerase II Pre-transcription Events	9	CCNH,CDK7,GTF2A2,GTF2E2,MNAT1,PAF1,POLR2I,POLR2K,TBP
R-HSA-6781823	Formation of TC-NER Pre-Incision Complex	8	CCNH,CDK7,COPS7A,MNAT1,POLR2I,POLR2K,PPIE,USP7
R-HSA-6781827	Transcription-Coupled Nucleotide Excision Repair (TC-NER)	17	CCNH,CDK7,COPS7A,LIG1,MNAT1,PCNA,POLD4,POLE2,POLR2I,POLR2K,PPIE,RFC2,RFC5,RPA1,RPA2,RPA3,USP7
R-HSA-6782135	Dual incision in TC-NER	15	CCNH,CDK7,MNAT1,PCNA,POLD4,POLE2,POLR2I,POLR2K,PPIE,RFC2,RFC5,RPA1,RPA2,RPA3,USP7
R-HSA-6782210	Gap-filling DNA repair synthesis and ligation in TC-NER	16	CCNH,CDK7,LIG1,MNAT1,PCNA,POLD4,POLE2,POLR2I,POLR2K,PPIE,RFC2,RFC5,RPA1,RPA2,RPA3,USP7
R-HSA-6783783	Interleukin-10 signaling	6	CCL2,CXCL2,ICAM1,IL1B,PTGS2,STAT3
R-HSA-6784531	tRNA processing in the nucleus	11	CPSF4,ELAC2,NUP133,NUP62,NUP85,NUP88,NUP93,POP4,RAE1,RPP38,TSEN2
R-HSA-6785631	ERBB2 Regulates Cell Motility	5	EGF,EGFR,ERBB2,ERBB3,RHOA
R-HSA-6785807	Interleukin-4 and Interleukin-13 signaling	26	AKT1,BCL2,BIRC5,CCL2,CCND1,CDKN1A,CEBPD,FOS,FOXO3,GATA3,HIF1A,HMOX1,HSPA8,ICAM1,IL13RA1,IL1B,IL4R,MMP1,MMP2,MUC1,MYC,PTGS2,SOX2,STAT1,STAT3,TP53
R-HSA-6791226	Major pathway of rRNA processing in the nucleolus and cytosol	10	CSNK1E,EBNA1BP2,EXOSC4,HEATR1,RPL39L,RPP38,RPS5,RPS6,TEX10,UTP14A
R-HSA-6791312	TP53 Regulates Transcription of Cell Cycle Genes	16	AURKA,BAX,CCNA1,CCNA2,CCNB1,CCNE2,CDK1,CDK2,CDKN1A,CDKN1B,CNOT4,GADD45A,PCNA,SFN,TFDP1,TP53
R-HSA-6794361	Neurexins and neuroligins	5	CASK,EPB41L2,HOMER2,STX1A,STXBP1
R-HSA-6794362	Protein-protein interactions at synapses	6	CASK,EPB41L2,HOMER2,PTPRF,STX1A,STXBP1
R-HSA-6796648	TP53 Regulates Transcription of DNA Repair Genes	11	BRCA1,CCNH,CDK7,CHEK1,DDB2,FOS,JUN,MNAT1,POLR2I,POLR2K,TP53
R-HSA-6798695	Neutrophil degranulation	51	ACAA1,ACLY,ADAM10,ADGRE5,AGL,ALDOA,ALDOC,ASAH1,ATP11B,ATP6V1D,CAB39,CANT1,CAPN1,CAT,CD44,CD58,CPNE3,CREG1,CTSD,DERA,GAA,GRN,HSPA1A,HSPA8,IGF2R,IQGAP1,MAN2B1,MIF,MLEC,MVP,NRAS,PFKL,PGAM1,PGM1,PGRMC1,PNP,PPIE,PRCP,PRKCD,PSMD2,PTPN6,PTPRC,PYGL,RAB27A,RAB31,RHOA,SNAP25,SPTAN1,STK10,TIMP2,VAT1
R-HSA-6802957	Oncogenic MAPK signaling	6	CSK,DUSP6,IQGAP1,NRAS,SPRED2,SRC
R-HSA-6803204	TP53 Regulates Transcription of Genes Involved in Cytochrome C Release	7	BAX,BID,BNIP3L,PMAIP1,PPP1R13B,TP53,TP53BP2
R-HSA-6803211	TP53 Regulates Transcription of Death Receptors and Ligands	5	FAS,IGFBP3,PPP1R13B,TP53,TP53BP2
R-HSA-6804114	TP53 Regulates Transcription of Genes Involved in G2 Cell Cycle Arrest	9	AURKA,BAX,CCNB1,CDK1,GADD45A,PCNA,SFN,TFDP1,TP53
R-HSA-6804116	TP53 Regulates Transcription of Genes Involved in G1 Cell Cycle Arrest	7	CCNA1,CCNA2,CCNE2,CDK2,CDKN1A,CDKN1B,TP53
R-HSA-6804756	Regulation of TP53 Activity through Phosphorylation	22	AURKA,AURKB,BRCA1,CCNA1,CCNA2,CDK2,CDK5R1,CHEK1,CHEK2,CSNK2A2,MAPKAPK5,PIN1,PRKAG2,RAD9A,RFC2,RFC5,RPA1,RPA2,RPA3,TBP,TOPBP1,TP53
R-HSA-6804757	Regulation of TP53 Degradation	10	AKT1,CCNA1,CCNA2,CDK1,CDK2,CDKN2A,CHEK2,DAXX,TP53,USP7
R-HSA-6804758	Regulation of TP53 Activity through Acetylation	6	AKT1,HDAC2,KAT6A,PIN1,PIP4K2B,TP53
R-HSA-6806003	Regulation of TP53 Expression and Degradation	10	AKT1,CCNA1,CCNA2,CDK1,CDK2,CDKN2A,CHEK2,DAXX,TP53,USP7
R-HSA-6806834	Signaling by MET	12	COL1A1,CRK,CRKL,LAMA3,NRAS,PIK3CA,PTK2,PTPN1,RAB4A,SHC1,SRC,STAT3
R-HSA-6807070	PTEN Regulation	16	AKT1,CSNK2A2,EED,EGR1,EZH2,HDAC2,JUN,MTA1,PPARG,PSMD2,RHEB,RRAGA,STUB1,SUZ12,TP53,USP7
R-HSA-6807505	RNA polymerase II transcribes snRNA genes	7	CDK7,GTF2A2,GTF2E2,INTS3,POLR2I,POLR2K,TBP
R-HSA-6807878	COPI-mediated anterograde transport	9	COG2,COG4,COG7,COPB2,KDELR2,SPTAN1,TMED10,TUBB6,YKT6
R-HSA-6811434	COPI-dependent Golgi-to-ER retrograde traffic	9	CENPE,COPB2,KDELR2,KIF20A,KIF2C,KIF5C,TMED10,TUBB6,ZW10
R-HSA-6811438	Intra-Golgi traffic	5	COG2,COG4,COG7,CYTH1,YKT6
R-HSA-6811440	Retrograde transport at the Trans-Golgi-Network	6	ARFIP2,COG2,COG4,COG7,IGF2R,USP6NL
R-HSA-6811442	Intra-Golgi and retrograde Golgi-to-ER traffic	20	ARFIP2,CENPE,COG2,COG4,COG7,COPB2,CYTH1,IGF2R,KDELR2,KIF20A,KIF2C,KIF5C,PAFAH1B1,PAFAH1B3,PLA2G4A,TMED10,TUBB6,USP6NL,YKT6,ZW10
R-HSA-6811558	PI5P, PP2A and IER3 Regulate PI3K/AKT Signaling	19	AKT1,EGF,EGFR,ERBB2,ERBB3,FGFR2,FGFR4,FRS2,FYN,IER3,KIT,PDGFA,PIK3CA,PIK3R3,PIP4K2B,PPP2R5A,PPP2R5E,RAC2,SRC
R-HSA-68867	Assembly of the pre-replicative complex	5	GMNN,MCM3,ORC1,PSMD2,UBE2C
R-HSA-68875	Mitotic Prophase	13	ARPP19,CCNB1,CCNB2,CDK1,NUP133,NUP62,NUP85,NUP88,NUP93,PLK1,RAE1,RB1,SMC4
R-HSA-68877	Mitotic Prometaphase	28	AURKB,BIRC5,BUB1B,CCNB1,CCNB2,CCP110,CDC20,CDK1,CENPE,CEP57,CSNK1E,CSNK2A2,KIF2C,NCAPD2,NUP133,NUP85,PAFAH1B1,PCM1,PDS5A,PLK1,PPP2R5A,PPP2R5E,PRKACA,SMC1A,SMC3,SMC4,TUBB6,ZW10
R-HSA-68882	Mitotic Anaphase	27	AURKB,BIRC5,BUB1B,CCNB1,CCNB2,CDC20,CDK1,CENPE,CHMP4A,CHMP6,KIF2C,LBR,NUP133,NUP62,NUP85,NUP93,PAFAH1B1,PDS5A,PLK1,PPP2R5A,PPP2R5E,PSMD2,SMC1A,SMC3,TUBB6,UBE2C,ZW10
R-HSA-68884	Mitotic Telophase/Cytokinesis	5	KIF20A,PDS5A,PLK1,SMC1A,SMC3
R-HSA-68886	M Phase	40	ARPP19,AURKB,BIRC5,BUB1B,CCNB1,CCNB2,CCP110,CDC20,CDK1,CENPE,CEP57,CHMP4A,CHMP6,CSNK1E,CSNK2A2,KIF20A,KIF2C,LBR,NCAPD2,NUP133,NUP62,NUP85,NUP88,NUP93,PAFAH1B1,PCM1,PDS5A,PLK1,PPP2R5A,PPP2R5E,PRKACA,PSMD2,RAE1,RB1,SMC1A,SMC3,SMC4,TUBB6,UBE2C,ZW10
R-HSA-68949	Orc1 removal from chromatin	7	CCNA1,CCNA2,CDK2,MCM3,ORC1,PSMD2,SKP1
R-HSA-68962	Activation of the pre-replicative complex	9	CDC45,CDK2,GMNN,MCM3,ORC1,POLE2,RPA1,RPA2,RPA3
R-HSA-69002	DNA Replication Pre-Initiation	11	CDC45,CDK2,GMNN,MCM3,ORC1,POLE2,PSMD2,RPA1,RPA2,RPA3,UBE2C
R-HSA-69017	CDK-mediated phosphorylation and removal of Cdc6	6	CCNA1,CCNA2,CCNE2,CDK2,PSMD2,UBE2C
R-HSA-69052	Switching of origins to a post-replicative state	10	CCNA1,CCNA2,CCNE2,CDK2,GMNN,MCM3,ORC1,PSMD2,SKP1,UBE2C
R-HSA-69166	Removal of the Flap Intermediate	5	PCNA,POLD4,RPA1,RPA2,RPA3
R-HSA-69183	Processive synthesis on the lagging strand	6	LIG1,PCNA,POLD4,RPA1,RPA2,RPA3
R-HSA-69186	Lagging Strand Synthesis	8	LIG1,PCNA,POLD4,RFC2,RFC5,RPA1,RPA2,RPA3
R-HSA-69190	DNA strand elongation	10	CDC45,LIG1,MCM3,PCNA,POLD4,RFC2,RFC5,RPA1,RPA2,RPA3
R-HSA-69202	Cyclin E associated events during G1/S transition	18	AKT1,CCNA1,CCNA2,CCND1,CCNE2,CCNH,CDC25A,CDK2,CDK4,CDK7,CDKN1A,CDKN1B,MNAT1,MYC,PSMD2,RB1,SKP1,TFDP1
R-HSA-69205	G1/S-Specific Transcription	7	CCNA1,CDC25A,CDC45,CDK1,ORC1,PCNA,TFDP1
R-HSA-69206	G1/S Transition	29	AKT1,CCNA1,CCNA2,CCNB1,CCND1,CCNE2,CCNH,CDC25A,CDC45,CDK1,CDK2,CDK4,CDK7,CDKN1A,CDKN1B,GMNN,MCM3,MNAT1,MYC,ORC1,PCNA,POLE2,PSMD2,RB1,RPA1,RPA2,RPA3,SKP1,TFDP1
R-HSA-69231	Cyclin D associated events in G1	19	ABL1,CCND1,CCND3,CCNE2,CCNH,CDK2,CDK4,CDK6,CDK7,CDKN1A,CDKN1B,CDKN2A,E2F2,LYN,MNAT1,RB1,SKP1,SRC,TFDP1
R-HSA-69236	G1 Phase	19	ABL1,CCND1,CCND3,CCNE2,CCNH,CDK2,CDK4,CDK6,CDK7,CDKN1A,CDKN1B,CDKN2A,E2F2,LYN,MNAT1,RB1,SKP1,SRC,TFDP1
R-HSA-69239	Synthesis of DNA	20	CCNA1,CCNA2,CCNE2,CDC45,CDK2,GMNN,LIG1,MCM3,ORC1,PCNA,POLD4,POLE2,PSMD2,RFC2,RFC5,RPA1,RPA2,RPA3,SKP1,UBE2C
R-HSA-69242	S Phase	36	AKT1,CCNA1,CCNA2,CCND1,CCNE2,CCNH,CDC25A,CDC25B,CDC45,CDK2,CDK4,CDK7,CDKN1A,CDKN1B,GMNN,LIG1,MCM3,MNAT1,MYC,ORC1,PCNA,PDS5A,POLD4,POLE2,PSMD2,RB1,RFC2,RFC5,RPA1,RPA2,RPA3,SKP1,SMC1A,SMC3,TFDP1,UBE2C
R-HSA-69273	Cyclin A/B1/B2 associated events during G2/M transition	12	CCNA1,CCNA2,CCNB1,CCNB2,CCNH,CDC25A,CDC25B,CDK1,CDK2,CDK7,MNAT1,PLK1
R-HSA-69275	G2/M Transition	25	AURKA,CCNA1,CCNA2,CCNB1,CCNB2,CCNH,CCP110,CDC25A,CDC25B,CDK1,CDK2,CDK7,CDKN1A,CEP57,CSNK1E,MNAT1,MYBL2,PAFAH1B1,PCM1,PLK1,PRKACA,PSMD2,SKP1,TP53,TUBB6
R-HSA-69306	DNA Replication	21	CCNA1,CCNA2,CCNE2,CDC45,CDK2,GMNN,LIG1,MCM3,ORC1,PCNA,POLD4,POLE2,POLG2,PSMD2,RFC2,RFC5,RPA1,RPA2,RPA3,SKP1,UBE2C
R-HSA-69473	G2/M DNA damage checkpoint	17	BRCA1,CCNA1,CCNA2,CCNB1,CDK1,CHEK1,CHEK2,RAD9A,RFC2,RFC5,RPA1,RPA2,RPA3,SFN,TOPBP1,TP53,TP53BP1
R-HSA-69478	G2/M DNA replication checkpoint	5	CCNA1,CCNA2,CCNB1,CCNB2,CDK1
R-HSA-69481	G2/M Checkpoints	24	BRCA1,CCNA1,CCNA2,CCNB1,CCNB2,CDC25A,CDC45,CDK1,CDK2,CHEK1,CHEK2,MCM3,ORC1,PSMD2,RAD9A,RFC2,RFC5,RPA1,RPA2,RPA3,SFN,TOPBP1,TP53,TP53BP1
R-HSA-69563	p53-Dependent G1 DNA Damage Response	10	CCNA1,CCNA2,CCNE2,CDK2,CDKN1A,CDKN1B,CDKN2A,CHEK2,PSMD2,TP53
R-HSA-69580	p53-Dependent G1/S DNA damage checkpoint	10	CCNA1,CCNA2,CCNE2,CDK2,CDKN1A,CDKN1B,CDKN2A,CHEK2,PSMD2,TP53
R-HSA-69601	Ubiquitin-Mediated Degradation of Phosphorylated Cdc25A	7	CDC25A,CHEK1,CHEK2,CSNK1A1,CSNK1E,PSMD2,SKP1
R-HSA-69613	p53-Independent G1/S DNA Damage Checkpoint	7	CDC25A,CHEK1,CHEK2,CSNK1A1,CSNK1E,PSMD2,SKP1
R-HSA-69615	G1/S DNA Damage Checkpoints	15	CCNA1,CCNA2,CCNE2,CDC25A,CDK2,CDKN1A,CDKN1B,CDKN2A,CHEK1,CHEK2,CSNK1A1,CSNK1E,PSMD2,SKP1,TP53
R-HSA-69618	Mitotic Spindle Checkpoint	14	AURKB,BIRC5,BUB1B,CDC20,CENPE,KIF2C,NUP133,NUP85,PAFAH1B1,PLK1,PPP2R5A,PPP2R5E,UBE2C,ZW10
R-HSA-69620	Cell Cycle Checkpoints	45	AURKB,BIRC5,BRCA1,BUB1B,CCNA1,CCNA2,CCNB1,CCNB2,CCNE2,CDC20,CDC25A,CDC45,CDK1,CDK2,CDKN1A,CDKN1B,CDKN2A,CENPE,CHEK1,CHEK2,CSNK1A1,CSNK1E,KIF2C,MCM3,NUP133,NUP85,ORC1,PAFAH1B1,PLK1,PPP2R5A,PPP2R5E,PSMD2,RAD9A,RFC2,RFC5,RPA1,RPA2,RPA3,SFN,SKP1,TOPBP1,TP53,TP53BP1,UBE2C,ZW10
R-HSA-69656	Cyclin A:Cdk2-associated events at S phase entry	19	AKT1,CCNA1,CCNA2,CCND1,CCNE2,CCNH,CDC25A,CDC25B,CDK2,CDK4,CDK7,CDKN1A,CDKN1B,MNAT1,MYC,PSMD2,RB1,SKP1,TFDP1
R-HSA-70171	Glycolysis	14	ALDOA,ALDOC,GAPDH,GNPDA1,HK1,NUP133,NUP62,NUP85,NUP88,NUP93,PFKL,PGAM1,PRKACA,RAE1
R-HSA-70221	Glycogen breakdown (glycogenolysis)	7	AGL,GAA,PGM1,PHKA1,PHKB,PHKG2,PYGL
R-HSA-70263	Gluconeogenesis	6	ALDOA,ALDOC,GAPDH,PCK2,PGAM1,SLC37A4
R-HSA-70268	Pyruvate metabolism	6	DLD,GSTZ1,ME2,MPC2,PDHX,VDAC1
R-HSA-70326	Glucose metabolism	16	ALDOA,ALDOC,GAPDH,GNPDA1,HK1,NUP133,NUP62,NUP85,NUP88,NUP93,PCK2,PFKL,PGAM1,PRKACA,RAE1,SLC37A4
R-HSA-71291	Metabolism of amino acids and derivatives	19	ADI1,ADO,ALDH7A1,DLD,ENOPH1,FAH,GSTZ1,HSD17B10,PCBD1,PHGDH,PSMD2,PXMP2,PYCR1,RPL39L,RPS5,RPS6,SLC25A13,TP53,TXNRD1
R-HSA-71387	Metabolism of carbohydrates and carbohydrate derivatives	38	ABCC5,AGL,ALDOA,ALDOC,B4GAT1,CD44,CHP1,CTSL,DERA,EXT1,FAM20B,FUT1,GAA,GALE,GAPDH,GNPDA1,GPC1,HK1,HS2ST1,MAN2B1,NUP133,NUP62,NUP85,NUP88,NUP93,PCK2,PFKL,PGAM1,PGM1,PHKA1,PHKB,PHKG2,PRKACA,PYGL,RAE1,RBKS,RPIA,SLC37A4
R-HSA-71403	Citric acid cycle (TCA cycle)	5	DLD,NNT,SDHB,SIRT3,TRAP1
R-HSA-72086	mRNA Capping	6	CCNH,CDK7,MNAT1,POLR2I,POLR2K,RNMT
R-HSA-72163	mRNA Splicing - Major Pathway	15	CASC3,CHERP,DDX42,HSPA8,HTATSF1,LSM5,LSM6,POLR2I,POLR2K,PPIE,PRPF4,PUF60,RNPS1,SMNDC1,TCERG1
R-HSA-72172	mRNA Splicing	15	CASC3,CHERP,DDX42,HSPA8,HTATSF1,LSM5,LSM6,POLR2I,POLR2K,PPIE,PRPF4,PUF60,RNPS1,SMNDC1,TCERG1
R-HSA-72187	mRNA 3'-end processing	11	CASC3,CHERP,CPSF4,DDX42,HTATSF1,POLR2I,POLR2K,PUF60,RNPS1,SMNDC1,TCERG1
R-HSA-72202	Transport of Mature Transcript to Cytoplasm	9	CASC3,CPSF4,NUP133,NUP62,NUP85,NUP88,NUP93,RAE1,RNPS1
R-HSA-72203	Processing of Capped Intron-Containing Pre-mRNA	22	CASC3,CHERP,CPSF4,DDX42,HSPA8,HTATSF1,LSM5,LSM6,NUP133,NUP62,NUP85,NUP88,NUP93,POLR2I,POLR2K,PPIE,PRPF4,PUF60,RAE1,RNPS1,SMNDC1,TCERG1
R-HSA-72306	tRNA processing	14	ADAT1,CPSF4,ELAC2,HSD17B10,LAGE3,NUP133,NUP62,NUP85,NUP88,NUP93,POP4,RAE1,RPP38,TSEN2
R-HSA-72312	rRNA processing	14	CSNK1E,EBNA1BP2,ELAC2,EXOSC4,HEATR1,HSD17B10,MTERF3,NGRN,RPL39L,RPP38,RPS5,RPS6,TEX10,UTP14A
R-HSA-72613	Eukaryotic Translation Initiation	6	EIF4EBP1,EIF4G1,EIF5,RPL39L,RPS5,RPS6
R-HSA-72706	GTP hydrolysis and joining of the 60S ribosomal subunit	5	EIF4G1,EIF5,RPL39L,RPS5,RPS6
R-HSA-72737	Cap-dependent Translation Initiation	6	EIF4EBP1,EIF4G1,EIF5,RPL39L,RPS5,RPS6
R-HSA-72766	Translation	15	ASCC3,EIF4EBP1,EIF4G1,EIF5,IARS2,MRPL12,MRPL19,MRPS16,MRPS2,OXA1L,PSMD2,RPL39L,RPN1,RPS5,RPS6
R-HSA-73762	RNA Polymerase I Transcription Initiation	8	CCNH,CDK7,HDAC2,MNAT1,MTA1,POLR1C,POLR2K,TBP
R-HSA-73772	RNA Polymerase I Promoter Escape	6	CCNH,CDK7,MNAT1,POLR1C,POLR2K,TBP
R-HSA-73776	RNA Polymerase II Promoter Escape	8	CCNH,CDK7,GTF2A2,GTF2E2,MNAT1,POLR2I,POLR2K,TBP
R-HSA-73779	RNA Polymerase II Transcription Pre-Initiation And Promoter Opening	8	CCNH,CDK7,GTF2A2,GTF2E2,MNAT1,POLR2I,POLR2K,TBP
R-HSA-73854	RNA Polymerase I Promoter Clearance	8	CCNH,CDK7,HDAC2,MNAT1,MTA1,POLR1C,POLR2K,TBP
R-HSA-73863	RNA Polymerase I Transcription Termination	6	CCNH,CDK7,MNAT1,POLR1C,POLR2K,TBP
R-HSA-73864	RNA Polymerase I Transcription	8	CCNH,CDK7,HDAC2,MNAT1,MTA1,POLR1C,POLR2K,TBP
R-HSA-73884	Base Excision Repair	15	ACD,LIG1,PARP1,PARP2,PCNA,PNKP,POLB,POLD4,POLE2,RFC2,RFC5,RPA1,RPA2,RPA3,TERF2IP
R-HSA-73886	Chromosome Maintenance	18	ACD,CCNA1,CCNA2,CDK2,DAXX,LIG1,PCNA,POLD4,POLR2I,POLR2K,RFC2,RFC5,RPA1,RPA2,RPA3,RUVBL1,TERF2IP,TERT
R-HSA-73887	Death Receptor Signaling	20	ARHGEF12,ARHGEF2,BAD,BIRC2,CASP10,CASP2,CASP3,CFLAR,FAS,HDAC2,IKBKB,IKBKE,MAPKAPK2,NET1,NFKBIA,RHOA,SQSTM1,STUB1,TIAM1,VAV3
R-HSA-73893	DNA Damage Bypass	10	PCNA,POLD4,POLE2,RFC2,RFC5,RPA1,RPA2,RPA3,UBE2L6,USP1
R-HSA-73894	DNA Repair	42	ABL1,ACD,ASCC3,BRCA1,CCNA1,CCNA2,CCNH,CDK2,CDK7,CHEK1,CHEK2,COPS7A,DDB2,LIG1,MNAT1,MSH6,PARP1,PARP2,PCNA,PNKP,POLB,POLD4,POLE2,POLR2I,POLR2K,PPIE,RAD51C,RAD9A,RFC2,RFC5,RPA1,RPA2,RPA3,RUVBL1,TERF2IP,TIMELESS,TOPBP1,TP53,TP53BP1,UBE2L6,USP1,USP7
R-HSA-73933	Resolution of Abasic Sites (AP sites)	13	LIG1,PARP1,PARP2,PCNA,PNKP,POLB,POLD4,POLE2,RFC2,RFC5,RPA1,RPA2,RPA3
R-HSA-74751	Insulin receptor signalling cascade	10	FGFR2,FGFR4,FRS2,GRB10,NRAS,PIK3C3,PIK3CA,PIK3R4,SHC1,TRIB3
R-HSA-74752	Signaling by Insulin receptor	16	ATP6V0B,ATP6V1D,CTSD,FGFR2,FGFR4,FRS2,GRB10,IDE,NRAS,PIK3C3,PIK3CA,PIK3R4,PTPN1,PTPRF,SHC1,TRIB3
R-HSA-75035	Chk1/Chk2(Cds1) mediated inactivation of Cyclin B:Cdk1 complex	7	CCNA1,CCNA2,CCNB1,CDK1,CHEK1,CHEK2,SFN
R-HSA-75153	Apoptotic execution phase	13	BIRC2,CASP3,CASP7,DFFA,DFFB,DNM1L,DSG2,PRKCD,PRKCQ,PTK2,SATB1,SPTAN1,TJP1
R-HSA-75893	TNF signaling	6	BIRC2,CFLAR,IKBKB,IKBKE,MAPKAPK2,STUB1
R-HSA-75953	RNA Polymerase II Transcription Initiation	8	CCNH,CDK7,GTF2A2,GTF2E2,MNAT1,POLR2I,POLR2K,TBP
R-HSA-75955	RNA Polymerase II Transcription Elongation	6	CCNH,CDK7,MNAT1,PAF1,POLR2I,POLR2K
R-HSA-76002	Platelet activation, signaling and aggregation	40	ABHD6,AKT1,ALDOA,APP,CALU,CDC42,COL1A1,CRK,CSK,EGF,FYN,GNA11,GNA15,GNAI1,GNAI2,GNB5,LYN,PDGFA,PIK3CA,PIK3R3,PLA2G4A,PRKCD,PRKCH,PRKCQ,PROS1,PTK2,PTPN1,PTPN6,RAC2,RHOA,SCCPDH,SERPINE1,SHC1,SRC,STX4,STXBP2,SYK,TBXA2R,TGFB3,VAV3
R-HSA-76005	Response to elevated platelet cytosolic Ca2+	11	ALDOA,APP,CALU,EGF,PDGFA,PROS1,SCCPDH,SERPINE1,STX4,STXBP2,TGFB3
R-HSA-76009	Platelet Aggregation (Plug Formation)	9	AKT1,COL1A1,CRK,CSK,PTK2,PTPN1,SHC1,SRC,SYK
R-HSA-76042	RNA Polymerase II Transcription Initiation And Promoter Clearance	8	CCNH,CDK7,GTF2A2,GTF2E2,MNAT1,POLR2I,POLR2K,TBP
R-HSA-77075	RNA Pol II CTD phosphorylation and interaction with CE	6	CCNH,CDK7,MNAT1,POLR2I,POLR2K,RNMT
R-HSA-77387	Insulin receptor recycling	6	ATP6V0B,ATP6V1D,CTSD,IDE,PTPN1,PTPRF
R-HSA-877300	Interferon gamma signaling	8	CD44,HLA-DRA,ICAM1,PRKCD,PTPN1,PTPN6,STAT1,TRIM2
R-HSA-8848021	Signaling by PTK6	19	AKT1,CCND1,CDK2,CDK4,CDKN1B,CRK,EGF,EGFR,ERBB2,ERBB3,HIF1A,NR3C1,NRAS,PTPN1,PXN,RASA1,RHOA,STAP2,STAT3
R-HSA-8849471	PTK6 Regulates RHO GTPases, RAS GTPase and MAP kinases	5	CRK,NRAS,PXN,RASA1,RHOA
R-HSA-8852135	Protein ubiquitination	6	PAF1,PCNA,RRAGA,UBE2A,UBE2C,USP7
R-HSA-8852276	The role of GTSE1 in G2/M progression after G2 checkpoint	8	CCNB1,CCNB2,CDK1,CDKN1A,PLK1,PSMD2,TP53,TUBB6
R-HSA-8853659	RET signaling	9	FRS2,GRB10,GRB7,PIK3CA,PIK3R3,PRKACA,RAP1GAP,SHC1,SRC
R-HSA-8854518	AURKA Activation by TPX2	9	AURKA,CCP110,CDK1,CEP57,CSNK1E,PAFAH1B1,PCM1,PLK1,PRKACA
R-HSA-8856688	Golgi-to-ER retrograde transport	12	CENPE,COPB2,KDELR2,KIF20A,KIF2C,KIF5C,PAFAH1B1,PAFAH1B3,PLA2G4A,TMED10,TUBB6,ZW10
R-HSA-8856825	Cargo recognition for clathrin-mediated endocytosis	11	ADRB2,CLTB,CLTC,COPS7A,EGF,EGFR,EPN2,FCHO1,IGF2R,TOR1A,UBQLN2
R-HSA-8856828	Clathrin-mediated endocytosis	15	ADRB2,CLTB,CLTC,COPS7A,CTTN,DNM1,EGF,EGFR,EPN2,FCHO1,HSPA8,IGF2R,PACSIN3,TOR1A,UBQLN2
R-HSA-8862803	Deregulated CDK5 triggers multiple neurodegenerative pathways in Alzheimer's disease models	8	APP,CAPN1,CAST,CDC25A,CDC25B,CDK5R1,FOXO3,JUN
R-HSA-8863678	Neurodegenerative Diseases	8	APP,CAPN1,CAST,CDC25A,CDC25B,CDK5R1,FOXO3,JUN
R-HSA-8863795	Downregulation of ERBB2 signaling	7	AKT1,EGF,EGFR,ERBB2,ERBB3,PTPN12,STUB1
R-HSA-8864260	Transcriptional regulation by the AP-2 (TFAP2) family of transcription factors	10	APOE,CDKN1A,EGFR,ERBB2,HSPD1,KDM5B,KIT,MYBL2,MYC,TFAP2A
R-HSA-8868773	rRNA processing in the nucleus and cytosol	10	CSNK1E,EBNA1BP2,EXOSC4,HEATR1,RPL39L,RPP38,RPS5,RPS6,TEX10,UTP14A
R-HSA-8875878	MET promotes cell motility	6	COL1A1,CRK,CRKL,LAMA3,PTK2,SRC
R-HSA-8876198	RAB GEFs exchange GTP for GDP on RABs	7	AKT1,DENND2D,RAB21,RAB27A,RAB31,TRAPPC3,TRAPPC6A
R-HSA-8878159	Transcriptional regulation by RUNX3	13	CCND1,CDKN1A,CDKN2A,FOXO3,HES1,MAMLD1,MYC,NOTCH1,PSMD2,SMAD3,SPP1,SRC,TP53
R-HSA-8878166	Transcriptional regulation by RUNX2	19	ABL1,AKT1,BAX,CCNB1,CCND1,CDK1,CDK4,CDKN1A,COL1A1,GLI2,HDAC6,HES1,NR3C1,PSMD2,RB1,SKP1,SRC,STAT1,STUB1
R-HSA-8878171	Transcriptional regulation by RUNX1	20	ABL1,AXIN1,CCND1,CCND3,CCNH,CDK6,CDK7,CSNK2A2,CTSL,GATA2,GATA3,MNAT1,MYL9,PRKCQ,PSMD2,SMARCA4,SMARCC1,SMARCD2,SRC,TJP1
R-HSA-8939211	ESR-mediated signaling	36	AKT1,AXIN1,BCL2,CCND1,CDKN1B,CREB1,CTSD,EGF,EGFR,FKBP4,FOS,FOXO3,GATA3,GNAI1,GNAI2,GNB5,GTF2A2,HSPB1,IGF1R,JUN,MMP2,MYC,NCOA3,NOS3,NRAS,NRIP1,PIK3CA,PIK3R3,POLR2I,POLR2K,PTK2,SHC1,SMC1A,SMC3,SRC,TBP
R-HSA-8939236	RUNX1 regulates transcription of genes involved in differentiation of HSCs	7	ABL1,CCNH,CDK7,GATA2,GATA3,MNAT1,PSMD2
R-HSA-8939902	Regulation of RUNX2 expression and activity	5	NR3C1,PSMD2,SKP1,STAT1,STUB1
R-HSA-8940973	RUNX2 regulates osteoblast differentiation	6	ABL1,COL1A1,HDAC6,HES1,RB1,SRC
R-HSA-8941326	RUNX2 regulates bone development	7	ABL1,COL1A1,GLI2,HDAC6,HES1,RB1,SRC
R-HSA-8943724	Regulation of PTEN gene transcription	11	EED,EGR1,EZH2,HDAC2,JUN,MTA1,PPARG,RHEB,RRAGA,SUZ12,TP53
R-HSA-8951664	Neddylation	22	BIRC5,BRCA1,CCNF,CDKN1A,COPS7A,DCUN1D4,DDB2,FBXL12,FBXO11,FBXO21,FBXO7,HIF1A,KEAP1,KLHL21,KLHL9,LRRC41,NFE2L2,PSMD2,SKP1,SOCS2,SQSTM1,WDTC1
R-HSA-8953750	Transcriptional Regulation by E2F6	6	BRCA1,CHEK1,EED,EZH2,SUZ12,TFDP1
R-HSA-8953854	Metabolism of RNA	60	ADAT1,AKT1,CASC3,CCNH,CD44,CDK7,CHERP,CNOT4,CPSF4,CSNK1E,DDX42,EBNA1BP2,EIF4G1,ELAC2,ELAVL1,EXOSC4,FASTKD5,HEATR1,HSD17B10,HSPA1A,HSPA8,HSPB1,HTATSF1,IGF2BP2,LAGE3,LSM5,LSM6,MAPKAPK2,MNAT1,MTERF3,MYC,NGRN,NUP133,NUP62,NUP85,NUP88,NUP93,PAN2,POLR2I,POLR2K,POP4,PPIE,PRKCD,PRPF4,PSMD2,PUF60,RAE1,RNMT,RNPS1,RPL39L,RPP38,RPS5,RPS6,SMNDC1,SUPV3L1,TCERG1,TEX10,TSEN2,UTP14A,ZFP36
R-HSA-8957275	Post-translational protein phosphorylation	11	ADAM10,APOE,APP,BMP4,CALU,IGFBP3,KTN1,MBTPS1,PRSS23,SPP1,WFS1
R-HSA-8957322	Metabolism of steroids	13	ACAT2,EBP,ELOVL6,FDFT1,HMGCR,HMGCS1,HSD17B11,INSIG1,LBR,LGMN,MBTPS1,NSDHL,SCP2
R-HSA-8964043	Plasma lipoprotein clearance	7	APOE,CLTC,LIPA,LSR,NPC1,NR1H2,SCARB1
R-HSA-8978868	Fatty acid metabolism	17	ACAA1,ACLY,ACOT9,CBR1,DECR1,ELOVL6,HACD3,HADH,MAPKAPK2,PCCB,PECR,PLA2G4A,PPARD,PRKAG2,PTGS2,SCP2,SLC27A3
R-HSA-8980692	RHOA GTPase cycle	13	ARHGAP1,ARHGEF12,ARHGEF2,IQGAP1,KTN1,LBR,NET1,RHOA,STK10,TIAM1,VAPB,VAV3,YKT6
R-HSA-8982491	Glycogen metabolism	7	AGL,GAA,PGM1,PHKA1,PHKB,PHKG2,PYGL
R-HSA-8986944	Transcriptional Regulation by MECP2	10	AURKB,CREB1,HDAC2,LBR,MEF2C,NOTCH1,PPARG,PRKACA,PTPN1,SOX2
R-HSA-9006115	Signaling by NTRK2 (TRKB)	8	CDK5R1,FRS2,FYN,NRAS,PIK3CA,SHC1,SRC,TIAM1
R-HSA-9006335	Signaling by Erythropoietin	6	CRKL,LYN,NRAS,PIK3CA,SHC1,STAT5B
R-HSA-9006925	Intracellular signaling by second messengers	44	AKT1,BAD,CDKN1A,CDKN1B,CREB1,CSNK2A2,EED,EGF,EGFR,EGR1,ERBB2,ERBB3,EZH2,FGFR2,FGFR4,FOXO3,FOXO4,FRS2,FYN,HDAC2,IER3,JUN,KIT,MTA1,PDGFA,PIK3CA,PIK3R3,PIP4K2B,PPARG,PPP2R5A,PPP2R5E,PRKACA,PRKCD,PRKX,PSMD2,RAC2,RHEB,RRAGA,SRC,STUB1,SUZ12,TP53,TRIB3,USP7
R-HSA-9006927	Signaling by Non-Receptor Tyrosine Kinases	19	AKT1,CCND1,CDK2,CDK4,CDKN1B,CRK,EGF,EGFR,ERBB2,ERBB3,HIF1A,NR3C1,NRAS,PTPN1,PXN,RASA1,RHOA,STAP2,STAT3
R-HSA-9006931	Signaling by Nuclear Receptors	43	AKT1,APOE,ARL4C,AXIN1,BCL2,CCND1,CDKN1B,CREB1,CTSD,DLD,EGF,EGFR,FKBP4,FOS,FOXO3,GATA3,GNAI1,GNAI2,GNB5,GTF2A2,HSPB1,IGF1R,JUN,KDM3A,MMP2,MYC,NCOA3,NOS3,NR1H2,NRAS,NRIP1,PDHX,PIK3CA,PIK3R3,POLR2I,POLR2K,PPARD,PTK2,SHC1,SMC1A,SMC3,SRC,TBP
R-HSA-9006936	Signaling by TGFB family members	14	BAMBI,DRAP1,ITGB5,MYC,PARP1,RHOA,SERPINE1,SMAD3,STAT1,STUB1,TFDP1,TGFB3,TGFBR2,TIMP2
R-HSA-9007101	Rab regulation of trafficking	8	AKT1,DENND2D,RAB21,RAB27A,RAB31,RAB4A,TRAPPC3,TRAPPC6A
R-HSA-9009391	Extra-nuclear estrogen signaling	22	AKT1,BCL2,CCND1,CDKN1B,CREB1,EGF,EGFR,FOS,FOXO3,GNAI1,GNAI2,GNB5,HSPB1,IGF1R,MMP2,NOS3,NRAS,PIK3CA,PIK3R3,PTK2,SHC1,SRC
R-HSA-9010553	Regulation of expression of SLITs and ROBOs	8	CASC3,DAG1,EIF4G1,PSMD2,RNPS1,RPL39L,RPS5,RPS6
R-HSA-9012852	Signaling by NOTCH3	8	ADAM10,EGF,EGFR,HES1,IKZF1,MAMLD1,NOTCH1,STAT1
R-HSA-9012999	RHO GTPase cycle	38	ARHGAP1,ARHGEF12,ARHGEF2,CCP110,CDC42,CHN1,CLTC,CSK,DSG2,FRS2,GFOD1,GRB7,IQGAP1,KIF14,KTN1,LBR,NCK1,NCK2,NET1,NISCH,PAK1,PAK4,PAK6,PIK3CA,PIK3R3,PTK2B,RAC2,RHOA,SPEN,SPTAN1,SRC,STK10,TIAM1,VAPB,VAV3,WASF3,WIPF2,YKT6
R-HSA-9013026	RHOB GTPase cycle	5	ARHGAP1,ARHGEF12,ARHGEF2,NET1,STK10
R-HSA-9013106	RHOC GTPase cycle	7	ARHGAP1,ARHGEF12,IQGAP1,LBR,RHOA,STK10,VAPB
R-HSA-9013148	CDC42 GTPase cycle	14	ARHGAP1,ARHGEF12,CDC42,CHN1,IQGAP1,KTN1,LBR,PAK1,PAK4,PAK6,TIAM1,VAV3,WIPF2,YKT6
R-HSA-9013149	RAC1 GTPase cycle	17	ARHGAP1,CDC42,CHN1,IQGAP1,KTN1,LBR,NISCH,PAK1,PAK4,PAK6,PIK3CA,PIK3R3,TIAM1,VAV3,WASF3,WIPF2,YKT6
R-HSA-9013404	RAC2 GTPase cycle	13	ARHGAP1,CDC42,DSG2,IQGAP1,LBR,PAK1,PAK4,PIK3CA,PIK3R3,RAC2,TIAM1,VAPB,VAV3
R-HSA-9013406	RHOQ GTPase cycle	6	ARHGAP1,CDC42,GFOD1,IQGAP1,PAK1,PAK4
R-HSA-9013408	RHOG GTPase cycle	9	ARHGAP1,CDC42,DSG2,KTN1,LBR,PAK4,VAPB,VAV3,YKT6
R-HSA-9013409	RHOJ GTPase cycle	5	ARHGAP1,CDC42,PAK1,PAK4,WIPF2
R-HSA-9013420	RHOU GTPase cycle	10	CDC42,CLTC,IQGAP1,NCK1,NCK2,PAK1,PAK4,PTK2B,SPTAN1,SRC
R-HSA-9013423	RAC3 GTPase cycle	8	ARHGAP1,CDC42,DSG2,LBR,PAK1,PAK4,TIAM1,YKT6
R-HSA-9013424	RHOV GTPase cycle	10	CCP110,CDC42,CLTC,IQGAP1,NCK1,NCK2,PAK1,PAK4,PAK6,SPTAN1
R-HSA-9013508	NOTCH3 Intracellular Domain Regulates Transcription	5	HES1,IKZF1,MAMLD1,NOTCH1,STAT1
R-HSA-9013694	Signaling by NOTCH4	8	ADAM10,AKT1,HES1,MAMLD1,NOTCH1,PSMD2,SKP1,SMAD3
R-HSA-9018519	Estrogen-dependent gene expression	17	AXIN1,BCL2,CCND1,CTSD,FKBP4,FOS,GATA3,GTF2A2,JUN,MYC,NCOA3,NRIP1,POLR2I,POLR2K,SMC1A,SMC3,TBP
R-HSA-9020702	Interleukin-1 signaling	11	APP,IKBKB,IL1B,NFKB2,NFKBIA,NFKBIB,PSMD2,SKP1,SQSTM1,TP53,USP14
R-HSA-9022692	Regulation of MECP2 expression and activity	5	AURKB,CREB1,HDAC2,LBR,PRKACA
R-HSA-9024446	NR1H2 and NR1H3-mediated signaling	5	APOE,ARL4C,KDM3A,NR1H2,NRIP1
R-HSA-9031628	NGF-stimulated transcription	8	ATF1,CDK5R1,CREB1,EGR1,FOS,FOSL1,ID2,TRIB1
R-HSA-9033241	Peroxisomal protein import	6	ACAA1,CAT,ECH1,IDE,PECR,SCP2
R-HSA-9034015	Signaling by NTRK3 (TRKC)	5	BAX,NRAS,PIK3CA,SHC1,SRC
R-HSA-909733	Interferon alpha/beta signaling	6	EGR1,IFNAR1,PSMB8,PTPN1,PTPN6,STAT1
R-HSA-912446	Meiotic recombination	7	BRCA1,CDK2,CDK4,RAD51C,RPA1,RPA2,RPA3
R-HSA-912631	Regulation of signaling by CBL	7	CRK,CRKL,FYN,LYN,PIK3CA,PIK3R3,SYK
R-HSA-913531	Interferon Signaling	33	ATF6,BECN1,CD44,CDK1,EGR1,EIF4G1,HLA-DRA,HSPA1A,HSPA8,ICAM1,IFNAR1,IKBKB,NCK1,NUP133,NUP62,NUP85,NUP88,NUP93,PIN1,PPP2R5A,PRKCD,PSMB8,PTPN1,PTPN6,RAE1,SFN,SNCA,STAT1,STAT3,TP53,TRIM2,TUBB6,UBE2L6
R-HSA-917937	Iron uptake and transport	6	ATP6V0B,ATP6V1D,HMOX1,MCOLN1,SKP1,SLC11A2
R-HSA-927802	Nonsense-Mediated Decay (NMD)	6	CASC3,EIF4G1,RNPS1,RPL39L,RPS5,RPS6
R-HSA-933542	TRAF6 mediated NF-kB activation	5	APP,IKBKB,NFKB2,NFKBIA,NFKBIB
R-HSA-937061	TRIF (TICAM1)-mediated TLR4 signaling	24	APP,ATF1,BIRC2,CREB1,DUSP3,DUSP4,DUSP6,FOS,IKBKB,IKBKE,JUN,MAPK9,MAPKAPK2,MAPKAPK3,MEF2C,NFKB2,NFKBIA,NFKBIB,RPS6KA1,SKP1,TICAM1,TLR4,TP53,USP14
R-HSA-948021	Transport to the Golgi and subsequent modification	11	COG2,COG4,COG7,COPB2,KDELR2,SPTAN1,TMED10,TRAPPC3,TRAPPC6A,TUBB6,YKT6
R-HSA-9607240	FLT3 Signaling	11	AKT1,CDKN1B,CSK,FOXO3,FYN,GRB10,NRAS,PIK3CA,SOCS2,STAT5B,SYK
R-HSA-9609507	Protein localization	18	ACAA1,APP,CAT,ECH1,FIS1,HMOX1,HSPD1,IDE,PECR,PXMP2,SCP2,SLC25A13,SLC25A4,STX1A,TIMM17B,TIMM22,TIMM9,VDAC1
R-HSA-9609646	HCMV Infection	17	CEBPD,CHMP4A,CHMP6,CREB1,DAXX,EED,EGFR,EZH2,NUP133,NUP62,NUP85,NUP88,NUP93,RAE1,SUZ12,TUBB6,VPS28
R-HSA-9609690	HCMV Early Events	13	CREB1,DAXX,EED,EGFR,EZH2,NUP133,NUP62,NUP85,NUP88,NUP93,RAE1,SUZ12,TUBB6
R-HSA-9610379	HCMV Late Events	10	CEBPD,CHMP4A,CHMP6,NUP133,NUP62,NUP85,NUP88,NUP93,RAE1,VPS28
R-HSA-9612973	Autophagy	18	ATG3,BECN1,CHMP4A,CHMP6,CSNK2A2,HDAC6,HSPA8,MTERF3,PIK3C3,PIK3R4,PRKAG2,RHEB,RRAGA,SQSTM1,SRC,TUBB6,VDAC1,VPS28
R-HSA-9614085	FOXO-mediated transcription	12	AKT1,CAT,CDKN1A,CDKN1B,FOXO3,FOXO4,GADD45A,HDAC2,NR3C1,SFN,SIRT3,SMAD3
R-HSA-9615017	FOXO-mediated transcription of oxidative stress, metabolic and neuronal genes	7	CAT,FOXO3,FOXO4,HDAC2,NR3C1,SIRT3,SMAD3
R-HSA-9615710	Late endosomal microautophagy	5	CHMP4A,CHMP6,HDAC6,HSPA8,VPS28
R-HSA-9616222	Transcriptional regulation of granulopoiesis	9	CDK2,CDK4,CDKN1A,CEBPA,CREB1,GATA2,MYC,STAT3,TFDP1
R-HSA-9617828	FOXO-mediated transcription of cell cycle genes	6	CDKN1A,CDKN1B,FOXO3,FOXO4,GADD45A,SMAD3
R-HSA-9634597	GPER1 signaling	8	GNAI1,GNAI2,GNAS,GNB5,GPER1,PRKACA,SHC1,SRC
R-HSA-9634638	Estrogen-dependent nuclear events downstream of ESR-membrane signaling	10	AKT1,BCL2,CCND1,CDKN1B,CREB1,EGF,EGFR,FOS,FOXO3,PTK2
R-HSA-9639288	Amino acids regulate mTORC1	6	ATP6V0B,ATP6V1D,NPRL2,RHEB,RRAGA,SESN1
R-HSA-9645723	Diseases of programmed cell death	15	APP,CAPN1,CAST,CDC25A,CDC25B,CDK5R1,CDKN2A,DNMT1,DNMT3A,EED,EZH2,FOXO3,JUN,SUZ12,TP53
R-HSA-9648025	EML4 and NUDC in mitotic spindle formation	14	AURKB,BIRC5,BUB1B,CDC20,CENPE,KIF2C,NUP133,NUP85,PAFAH1B1,PLK1,PPP2R5A,PPP2R5E,TUBB6,ZW10
R-HSA-9658195	Leishmania infection	27	ABL1,APP,BTK,CDC42,CREB1,CRK,FYN,FZD7,GNAI1,GNAI2,GNAS,GNB5,HMOX1,IL1B,JUN,LYN,MYO10,NCK1,NFKB2,PRKACA,PRKX,PTK2,SRC,SYK,VAV3,WASF3,WIPF2
R-HSA-9659379	Sensory processing of sound	6	CASK,PLS1,SNAP25,SPTAN1,STX1A,TWF2
R-HSA-9659787	Aberrant regulation of mitotic G1/S transition in cancer due to RB1 defects	11	CCND1,CCND3,CCNE2,CDK2,CDK4,CDK6,CDKN1A,CDKN1B,E2F2,RB1,TFDP1
R-HSA-9660821	ADORA2B mediated anti-inflammatory cytokines production	7	CREB1,GNAI1,GNAI2,GNAS,GNB5,PRKACA,PRKX
R-HSA-9661069	Defective binding of RB1 mutants to E2F1,(E2F2, E2F3)	11	CCND1,CCND3,CCNE2,CDK2,CDK4,CDK6,CDKN1A,CDKN1B,E2F2,RB1,TFDP1
R-HSA-9662360	Sensory processing of sound by inner hair cells of the cochlea	6	CASK,PLS1,SNAP25,SPTAN1,STX1A,TWF2
R-HSA-9662851	Anti-inflammatory response favouring Leishmania parasite infection	11	CREB1,FYN,GNAI1,GNAI2,GNAS,GNB5,LYN,PRKACA,PRKX,SRC,SYK
R-HSA-9663891	Selective autophagy	9	CSNK2A2,HDAC6,HSPA8,MTERF3,PRKAG2,SQSTM1,SRC,TUBB6,VDAC1
R-HSA-9664323	FCGR3A-mediated IL10 synthesis	7	CREB1,FYN,LYN,PRKACA,PRKX,SRC,SYK
R-HSA-9664407	Parasite infection	14	ABL1,BTK,CDC42,CRK,FYN,LYN,MYO10,NCK1,PTK2,SRC,SYK,VAV3,WASF3,WIPF2
R-HSA-9664417	Leishmania phagocytosis	14	ABL1,BTK,CDC42,CRK,FYN,LYN,MYO10,NCK1,PTK2,SRC,SYK,VAV3,WASF3,WIPF2
R-HSA-9664422	FCGR3A-mediated phagocytosis	14	ABL1,BTK,CDC42,CRK,FYN,LYN,MYO10,NCK1,PTK2,SRC,SYK,VAV3,WASF3,WIPF2
R-HSA-9664433	Leishmania parasite growth and survival	11	CREB1,FYN,GNAI1,GNAI2,GNAS,GNB5,LYN,PRKACA,PRKX,SRC,SYK
R-HSA-9664565	Signaling by ERBB2 KD Mutants	7	EGF,EGFR,ERBB2,ERBB3,NRAS,PIK3CA,SHC1
R-HSA-9665348	Signaling by ERBB2 ECD mutants	6	EGF,EGFR,ERBB2,NRAS,PIK3CA,SHC1
R-HSA-9665686	Signaling by ERBB2 TMD/JMD mutants	6	EGF,EGFR,ERBB2,ERBB3,NRAS,SHC1
R-HSA-9669938	Signaling by KIT in disease	10	FYN,KIT,LYN,NRAS,PIK3CA,PIK3R3,SRC,STAT1,STAT3,STAT5B
R-HSA-9670095	Inhibition of DNA recombination at telomere	5	ACD,DAXX,POLR2I,POLR2K,TERF2IP
R-HSA-9670439	Signaling by phosphorylated juxtamembrane, extracellular and kinase domain KIT mutants	10	FYN,KIT,LYN,NRAS,PIK3CA,PIK3R3,SRC,STAT1,STAT3,STAT5B
R-HSA-9674555	Signaling by CSF3 (G-CSF)	6	LYN,SHC1,STAT1,STAT3,STAT5B,SYK
R-HSA-9675108	Nervous system development	60	ABL1,ADAM10,ARHGEF12,CASC3,CDC42,CDK5R1,CLTB,CLTC,COL4A1,CREB1,CSNK2A2,CXCR4,DAG1,DNM1,EGFR,EIF4G1,EPHA3,EPHB2,ERBB2,EVL,FRS2,FYN,GPC1,GRB10,GRB7,HDAC2,HMGCR,HSPA8,LYN,MMP2,MYL9,MYO10,NCK1,NCK2,NRAS,PAK1,PAK4,PAK6,PIK3CA,PIK3R3,PRKACA,PRKCQ,PSMD2,PTK2,PTPRC,RAP1GAP,RASA1,RHOA,RNPS1,RPL39L,RPS5,RPS6,RPS6KA1,SHC1,SMARCA4,SPTAN1,SRC,TIAM1,TUBB6,VAV3
R-HSA-9675126	Diseases of mitotic cell cycle	13	CCND1,CCND3,CCNE2,CDK2,CDK4,CDK6,CDKN1A,CDKN1B,DAXX,E2F2,RB1,TFDP1,UBE2C
R-HSA-9675135	Diseases of DNA repair	10	BRCA1,MSH6,RAD51C,RAD9A,RFC2,RFC5,RPA1,RPA2,RPA3,TOPBP1
R-HSA-9675136	Diseases of DNA Double-Strand Break Repair	9	BRCA1,RAD51C,RAD9A,RFC2,RFC5,RPA1,RPA2,RPA3,TOPBP1
R-HSA-9678108	SARS-CoV-1 Infection	15	BECN1,CHMP4A,CHMP6,CTSL,IKBKE,NFKBIA,PIK3C3,PIK3R4,RB1,RPS5,RPS6,SERPINE1,SFN,SMAD3,ST6GALNAC2
R-HSA-9679191	Potential therapeutics for SARS	13	ARID4B,ATP1B1,BTK,FKBP4,HDAC2,HMG20B,IFNAR1,KEAP1,MTA1,NCK1,NFE2L2,NR3C1,SYK
R-HSA-9679504	Translation of Replicase and Assembly of the Replication Transcription Complex_9679504	5	BECN1,CHMP4A,CHMP6,PIK3C3,PIK3R4
R-HSA-9679506	SARS-CoV Infections	44	AKT1,ANO10,ARID4B,ATP1B1,BECN1,BTK,CHMP4A,CHMP6,CSNK1A1,CTSL,FKBP4,G3BP1,GPC1,HDAC2,HMG20B,IFNAR1,IKBKB,IKBKE,KEAP1,MTA1,NCK1,NFE2L2,NFKBIA,NR3C1,NUP133,NUP62,NUP85,NUP88,NUP93,PIK3C3,PIK3R4,PTPN6,RAE1,RB1,RPN1,RPS5,RPS6,SERPINE1,SFN,SMAD3,ST6GALNAC2,STAT1,SYK,TJP1
R-HSA-9680350	Signaling by CSF1 (M-CSF) in myeloid cells	7	FYN,LYN,PIK3CA,SHC1,SRC,STAT1,STAT3
R-HSA-9682385	FLT3 signaling in disease	5	CDKN1A,NRAS,PIK3CA,STAT5B,ZMYM2
R-HSA-9687139	Aberrant regulation of mitotic cell cycle due to RB1 defects	12	CCND1,CCND3,CCNE2,CDK2,CDK4,CDK6,CDKN1A,CDKN1B,E2F2,RB1,TFDP1,UBE2C
R-HSA-9692914	SARS-CoV-1-host interactions	7	IKBKE,NFKBIA,RPS5,RPS6,SERPINE1,SFN,SMAD3
R-HSA-9694516	SARS-CoV-2 Infection	29	AKT1,ANO10,BECN1,CHMP4A,CHMP6,CSNK1A1,CTSL,G3BP1,GPC1,IFNAR1,IKBKB,IKBKE,NUP133,NUP62,NUP85,NUP88,NUP93,PIK3C3,PIK3R4,PTPN6,RAE1,RB1,RPN1,RPS5,RPS6,SFN,ST6GALNAC2,STAT1,TJP1
R-HSA-9694676	Translation of Replicase and Assembly of the Replication Transcription Complex_9694676	5	BECN1,CHMP4A,CHMP6,PIK3C3,PIK3R4
R-HSA-9696270	RND2 GTPase cycle	5	ARHGAP1,FRS2,KIF14,KTN1,NISCH
R-HSA-9700206	Signaling by ALK in cancer	18	CCNB1,CDKN1A,CLTC,DNMT1,FRS2,JUN,MAPK9,NOTCH1,PIK3CA,PTPN6,RB1,RPS6,SHC1,SKP1,SQSTM1,STAT1,STAT3,TP53
R-HSA-9701190	Defective homologous recombination repair (HRR) due to BRCA2 loss of function	9	BRCA1,RAD51C,RAD9A,RFC2,RFC5,RPA1,RPA2,RPA3,TOPBP1
R-HSA-9703465	Signaling by FLT3 fusion proteins	5	CDKN1A,NRAS,PIK3CA,STAT5B,ZMYM2
R-HSA-9705462	Inactivation of CSF3 (G-CSF) signaling	5	LYN,STAT1,STAT3,STAT5B,SYK
R-HSA-9705671	SARS-CoV-2 activates/modulates innate and adaptive immune responses	15	BECN1,G3BP1,IFNAR1,IKBKB,IKBKE,NUP133,NUP62,NUP85,NUP88,NUP93,PIK3C3,PIK3R4,PTPN6,RAE1,STAT1
R-HSA-9705683	SARS-CoV-2-host interactions	20	AKT1,BECN1,G3BP1,IFNAR1,IKBKB,IKBKE,NUP133,NUP62,NUP85,NUP88,NUP93,PIK3C3,PIK3R4,PTPN6,RAE1,RPS5,RPS6,SFN,STAT1,TJP1
R-HSA-9707564	Cytoprotection by HMOX1	6	BLVRA,CYCS,HMOX1,NFE2L2,STAP2,STAT3
R-HSA-9707616	Heme signaling	6	CREB1,HMOX1,MEF2C,NFE2L2,NRIP1,TLR4
R-HSA-9709570	Impaired BRCA2 binding to RAD51	8	BRCA1,RAD9A,RFC2,RFC5,RPA1,RPA2,RPA3,TOPBP1
R-HSA-9709957	Sensory Perception	12	APOE,CASK,GNB5,GPC1,LRP10,NMT1,PLS1,PRKCQ,SNAP25,SPTAN1,STX1A,TWF2
R-HSA-9710421	Defective pyroptosis	5	DNMT1,DNMT3A,EED,EZH2,SUZ12
R-HSA-9711097	Cellular response to starvation	10	ATP6V0B,ATP6V1D,NPRL2,RHEB,RPL39L,RPS5,RPS6,RRAGA,SESN1,TRIB3
R-HSA-9711123	Cellular response to chemical stress	26	AKT1,BCL2,BLVRA,BRCA1,CAT,CCL2,CDKN1A,CDKN2A,CSNK2A2,CYCS,EGF,ERO1A,HMOX1,KEAP1,MYC,NFE2L2,NOTCH1,PDGFA,PRKCD,PSMD2,SESN1,SKP1,SQSTM1,STAP2,STAT3,TXNRD1
R-HSA-9716542	Signaling by Rho GTPases, Miro GTPases and RHOBTB3	67	ABL1,ARHGAP1,ARHGEF12,ARHGEF2,AURKB,BIRC5,BTK,BUB1B,CCP110,CDC20,CDC42,CDKN1B,CENPE,CHN1,CLTC,CSK,CTTN,DSG2,EVL,FRS2,GFOD1,GRB7,IQGAP1,KIF14,KIF2C,KTN1,LBR,LRRC41,MYL9,MYLK,NCK1,NCK2,NET1,NISCH,NUP133,NUP85,PAFAH1B1,PAK1,PAK4,PAK6,PIK3C3,PIK3CA,PIK3R3,PIK3R4,PIN1,PLK1,PPP2R5A,PPP2R5E,PRKCD,PTK2,PTK2B,RAC2,RHOA,SFN,SPEN,SPTAN1,SRC,STK10,TIAM1,TRAK2,TUBB6,VAPB,VAV3,WASF3,WIPF2,YKT6,ZW10
R-HSA-9725370	Signaling by ALK fusions and activated point mutants	18	CCNB1,CDKN1A,CLTC,DNMT1,FRS2,JUN,MAPK9,NOTCH1,PIK3CA,PTPN6,RB1,RPS6,SHC1,SKP1,SQSTM1,STAT1,STAT3,TP53
R-HSA-9725371	Nuclear events stimulated by ALK signaling in cancer	8	CCNB1,DNMT1,NOTCH1,PTPN6,RB1,RPS6,SKP1,STAT3
R-HSA-9730414	MITF-M-regulated melanocyte development	28	ASAH1,ATP6V0B,ATP6V1D,BCL2,BCL7B,BRCA1,CCNB1,CCND1,CDC25B,CDK2,CDKN1A,CDKN2A,CREB1,EDN1,KIT,LIG1,PLK1,PXN,RAB27A,RPS6KA1,SERPINE1,SMARCA4,SMARCC1,SMARCD2,SOX2,TBX2,TERT,TFAP2A
R-HSA-9734009	Defective Intrinsic Pathway for Apoptosis	10	APP,CAPN1,CAST,CDC25A,CDC25B,CDK5R1,CDKN2A,FOXO3,JUN,TP53
R-HSA-9748784	Drug ADME	5	ABCC5,CNDP2,HPRT1,PNP,VAV3
R-HSA-975138	TRAF6 mediated induction of NFkB and MAP kinases upon TLR7/8 or 9 activation	22	APP,ATF1,CREB1,DUSP3,DUSP4,DUSP6,FOS,IKBKB,JUN,MAPK9,MAPKAPK2,MAPKAPK3,MEF2C,NFKB2,NFKBIA,NFKBIB,RPS6KA1,SKP1,TICAM1,TLR4,TP53,USP14
R-HSA-975155	MyD88 dependent cascade initiated on endosome	22	APP,ATF1,CREB1,DUSP3,DUSP4,DUSP6,FOS,IKBKB,JUN,MAPK9,MAPKAPK2,MAPKAPK3,MEF2C,NFKB2,NFKBIA,NFKBIB,RPS6KA1,SKP1,TICAM1,TLR4,TP53,USP14
R-HSA-9755511	KEAP1-NFE2L2 pathway	20	AKT1,BCL2,BRCA1,CCL2,CDKN1A,CDKN2A,CSNK2A2,EGF,HMOX1,KEAP1,MYC,NFE2L2,NOTCH1,PDGFA,PRKCD,PSMD2,SESN1,SKP1,SQSTM1,TXNRD1
R-HSA-975871	MyD88 cascade initiated on plasma membrane	20	APP,ATF1,CREB1,DUSP3,DUSP4,DUSP6,FOS,IKBKB,JUN,MAPK9,MAPKAPK2,MAPKAPK3,MEF2C,NFKB2,NFKBIA,NFKBIB,RPS6KA1,SKP1,TP53,USP14
R-HSA-9758941	Gastrulation	9	BMP4,CXCR4,MAMLD1,NOTCH1,PAX8,PSMD2,SMAD3,SOX2,TFAP2A
R-HSA-9759194	Nuclear events mediated by NFE2L2	14	BCL2,CCL2,CDKN2A,EGF,HMOX1,KEAP1,MYC,NFE2L2,NOTCH1,PDGFA,PSMD2,SKP1,SQSTM1,TXNRD1
R-HSA-9759476	Regulation of Homotypic Cell-Cell Adhesion	17	CSNK2A2,CTNND1,CTSL,EED,EZH2,FYN,HDAC2,MYC,PSMD2,RB1,RPN1,SMARCA4,SRC,SUZ12,TFAP2A,TLE1,ZMYM2
R-HSA-975957	Nonsense Mediated Decay (NMD) enhanced by the Exon Junction Complex (EJC)	6	CASC3,EIF4G1,RNPS1,RPL39L,RPS5,RPS6
R-HSA-9764265	Regulation of CDH1 Expression and Function	17	CSNK2A2,CTNND1,CTSL,EED,EZH2,FYN,HDAC2,MYC,PSMD2,RB1,RPN1,SMARCA4,SRC,SUZ12,TFAP2A,TLE1,ZMYM2
R-HSA-9764274	Regulation of Expression and Function of Type I Classical Cadherins	17	CSNK2A2,CTNND1,CTSL,EED,EZH2,FYN,HDAC2,MYC,PSMD2,RB1,RPN1,SMARCA4,SRC,SUZ12,TFAP2A,TLE1,ZMYM2
R-HSA-9764560	Regulation of CDH1 Gene Transcription	9	EED,EZH2,HDAC2,RB1,SMARCA4,SUZ12,TFAP2A,TLE1,ZMYM2
R-HSA-9764561	Regulation of CDH1 Function	5	CTNND1,CTSL,FYN,PSMD2,SRC
R-HSA-9764725	Negative Regulation of CDH1 Gene Transcription	7	EED,EZH2,HDAC2,SMARCA4,SUZ12,TLE1,ZMYM2
R-HSA-9766229	Degradation of CDH1	5	CTNND1,CTSL,FYN,PSMD2,SRC
R-HSA-9770562	mRNA Polyadenylation	9	CHERP,CPSF4,DDX42,HTATSF1,POLR2I,POLR2K,PUF60,SMNDC1,TCERG1
R-HSA-977225	Amyloid fiber formation	5	ADAM10,APOE,APP,SNCA,UBE2L6
R-HSA-9772572	Early SARS-CoV-2 Infection Events	8	BECN1,CHMP4A,CHMP6,CTSL,GPC1,PIK3C3,PIK3R4,RB1
R-HSA-9816359	Maternal to zygotic transition (MZT)	6	BIRC5,CNOT4,EIF4G1,KDM5A,KDM5B,TP53
R-HSA-9818030	NFE2L2 regulating tumorigenic genes	5	BCL2,EGF,NFE2L2,NOTCH1,PDGFA
R-HSA-9818564	Epigenetic regulation of gene expression by MLL3 and MLL4 complexes	6	ABL1,CEBPA,NCOA3,PEX11A,PPARG,RB1
R-HSA-9820841	M-decay: degradation of maternal mRNAs by maternally stored factors	5	BIRC5,CNOT4,EIF4G1,KDM5A,KDM5B
R-HSA-9820952	Respiratory Syncytial Virus Infection Pathway	10	BECN1,CDK19,CSNK2A2,EGFR,GPC1,HSPA8,IFNAR1,IGF1R,TLR4,UBE2L6
R-HSA-9824439	Bacterial Infection Pathways	9	CALM3,COL4A1,CORO1A,CTNND1,LAMA3,SNAP25,SRC,STX1A,TXNRD1
R-HSA-9824443	Parasitic Infection Pathways	27	ABL1,APP,BTK,CDC42,CREB1,CRK,FYN,FZD7,GNAI1,GNAI2,GNAS,GNB5,HMOX1,IL1B,JUN,LYN,MYO10,NCK1,NFKB2,PRKACA,PRKX,PTK2,SRC,SYK,VAV3,WASF3,WIPF2
R-HSA-9824585	Regulation of MITF-M-dependent genes involved in pigmentation	7	BCL7B,CREB1,RAB27A,SMARCA4,SMARCC1,SMARCD2,TFAP2A
R-HSA-9825892	Regulation of MITF-M-dependent genes involved in cell cycle and proliferation	8	CCNB1,CCND1,CDC25B,CDK2,CDKN1A,CDKN2A,PLK1,TBX2
R-HSA-982772	Growth hormone receptor signaling	8	GHR,LYN,PTPN1,PTPN6,SOCS2,STAT1,STAT3,STAT5B
R-HSA-983168	Antigen processing: Ubiquitination & Proteasome degradation	22	BLMH,CBLB,CCNF,CDC20,FBXL12,FBXO11,FBXO21,FBXO7,HERC6,KEAP1,KLHL21,KLHL9,LRRC41,PSMD2,SKP1,STUB1,UBE2A,UBE2C,UBE2J1,UBE2L6,UBE3B,UBE3C
R-HSA-983169	Class I MHC mediated antigen processing & presentation	35	BECN1,BLMH,BTK,CBLB,CCNF,CDC20,CTSL,FBXL12,FBXO11,FBXO21,FBXO7,HERC6,IKBKB,ITGB5,KEAP1,KLHL21,KLHL9,LRRC41,PIK3C3,PIK3R4,PSMB10,PSMB8,PSMD2,PSME1,PSME2,SKP1,STUB1,STX4,TLR4,UBE2A,UBE2C,UBE2J1,UBE2L6,UBE3B,UBE3C
R-HSA-983189	Kinesins	5	CENPE,KIF20A,KIF2C,KIF5C,TUBB6
R-HSA-983231	Factors involved in megakaryocyte development and platelet production	15	ABL1,CDC42,CDK2,CENPE,GATA2,GATA3,HDAC2,HMG20B,KIF20A,KIF2C,KIF5C,PRKACA,RAD51C,TP53,TUBB6
R-HSA-9833110	RSV-host interactions	6	BECN1,CDK19,GPC1,IFNAR1,TLR4,UBE2L6
R-HSA-9833482	PKR-mediated signaling	12	CDK1,HSPA1A,HSPA8,IKBKB,NCK1,PPP2R5A,SNCA,STAT1,STAT3,TP53,TUBB6,UBE2L6
R-HSA-983695	Antigen activates B Cell Receptor (BCR) leading to generation of second messengers	6	BTK,FYN,LYN,NCK1,PTPN6,SYK
R-HSA-983705	Signaling by the B Cell Receptor (BCR)	15	BTK,FYN,IKBKB,LYN,MALT1,NCK1,NFATC3,NFKBIA,NFKBIB,NFKBIE,NRAS,PSMD2,PTPN6,SKP1,SYK
R-HSA-983712	Ion channel transport	8	ANO10,ATP11B,ATP1B1,ATP2C1,ATP6V0B,ATP6V1D,MCOLN1,TSC22D3
R-HSA-9837999	Mitochondrial protein degradation	19	ALAS1,APP,BDH1,CLPX,DLD,ECH1,HADH,HSD17B10,HSPD1,IARS2,ME2,MRPL12,MRPS2,OXCT1,PCCB,PRKACA,TIMM22,TIMM9,YME1L1
R-HSA-9839923	Dengue Virus Infection	30	BECN1,CHERP,CPSF4,DAXX,DDX42,EIF4G1,ELAVL1,GPC1,HSPA1A,HSPA8,HYOU1,IKBKE,LYN,NFKBIA,NFKBIB,NMT1,P4HA2,PAF1,PIK3C3,PIK3R4,POLR2I,POLR2K,PPIE,PROS1,PUF60,RNPS1,RPN1,SMNDC1,TJP1,TLR4
R-HSA-9841251	Mitochondrial unfolded protein response (UPRmt)	7	AKT1,ATF5,CAT,FOXO3,HSPA1A,HSPD1,SIRT3
R-HSA-9841922	MLL4 and MLL3 complexes regulate expression of PPARG target genes in adipogenesis and hepatic steatosis	6	ABL1,CEBPA,NCOA3,PEX11A,PPARG,RB1
R-HSA-9842860	Regulation of endogenous retroelements	7	BCL7B,DNMT3A,HDAC2,MTA1,SMARCA4,SMARCC1,SMARCD2
R-HSA-9843745	Adipogenesis	9	CCND3,CDK19,CDK4,CEBPA,CEBPD,HDAC2,MTA1,NCOA3,PPARG
R-HSA-9845323	Regulation of endogenous retroelements by Piwi-interacting RNAs (piRNAs)	7	BCL7B,DNMT3A,HDAC2,MTA1,SMARCA4,SMARCC1,SMARCD2
R-HSA-9851695	Epigenetic regulation of adipogenesis genes by MLL3 and MLL4 complexes	6	ABL1,CEBPA,NCOA3,PEX11A,PPARG,RB1
R-HSA-9855142	Cellular responses to mechanical stimuli	16	ABL1,AKT1,FYN,GNA11,GNAS,GNB5,IKBKB,IKBKE,NFKBIA,NOS3,PIK3CA,PRKACA,PTK2,PTPN1,SPP1,STAT1
R-HSA-9856530	High laminar flow shear stress activates signaling by PIEZO1 and PECAM1:CDH5:KDR in endothelial cells	8	AKT1,FYN,GNA11,GNAS,GNB5,NOS3,PIK3CA,PRKACA
R-HSA-9856649	Transcriptional and post-translational regulation of MITF-M expression and activity	5	CREB1,EDN1,KIT,RPS6KA1,SOX2
R-HSA-9856651	MITF-M-dependent gene expression	25	ASAH1,ATP6V0B,ATP6V1D,BCL2,BCL7B,BRCA1,CCNB1,CCND1,CDC25B,CDK2,CDKN1A,CDKN2A,CREB1,LIG1,PLK1,PXN,RAB27A,SERPINE1,SMARCA4,SMARCC1,SMARCD2,SOX2,TBX2,TERT,TFAP2A
R-HSA-9860927	Turbulent (oscillatory, disturbed) flow shear stress activates signaling by PIEZO1 and integrins in endothelial cells	8	ABL1,GNA11,IKBKB,IKBKE,NFKBIA,PTK2,PTPN1,STAT1
R-HSA-9860931	Response of endothelial cells to shear stress	15	ABL1,AKT1,FYN,GNA11,GNAS,GNB5,IKBKB,IKBKE,NFKBIA,NOS3,PIK3CA,PRKACA,PTK2,PTPN1,STAT1
R-HSA-9907900	Proteasome assembly	10	PSMB10,PSMB8,PSMD10,PSMD2,PSMD4,PSMD9,PSME1,PSME2,PSMF1,PSMG1
R-HSA-9909396	Circadian clock	9	BHLHE40,CREB1,CSNK1E,CSNK2A2,MEF2C,NRIP1,PSMD2,SERPINE1,SKP1
R-HSA-9909615	Regulation of PD-L1(CD274) Post-translational modification	7	CCND1,CDK4,CSNK2A2,PRKAG2,PSMD2,RPN1,SKP1
R-HSA-9909648	Regulation of PD-L1(CD274) expression	18	CCND1,CDK4,CSNK2A2,EED,EZH2,FOS,HIF1A,JUN,MYC,NFE2L2,NFKB2,PRKAG2,PSMD2,RPN1,SKP1,STAT1,STAT3,SUZ12
R-HSA-9909649	Regulation of PD-L1(CD274) transcription	11	EED,EZH2,FOS,HIF1A,JUN,MYC,NFE2L2,NFKB2,STAT1,STAT3,SUZ12
R-HSA-9917777	Epigenetic regulation by WDR5-containing histone modifying complexes	8	ABL1,AKAP8L,CEBPA,NCOA3,PEX11A,PPARG,PSIP1,RB1
R-HSA-9918481	Dengue Virus-Host Interactions	22	BECN1,CHERP,CPSF4,DAXX,DDX42,ELAVL1,GPC1,HSPA8,IKBKE,NFKBIA,NFKBIB,PAF1,PIK3C3,PIK3R4,POLR2I,POLR2K,PPIE,PUF60,RNPS1,SMNDC1,TJP1,TLR4
R-HSA-9918487	Dengue Virus Genome Translation and Replication	7	EIF4G1,HSPA1A,HSPA8,HYOU1,NMT1,P4HA2,RPN1
R-HSA-9920951	Dengue virus modulates apoptosis	6	BECN1,DAXX,NFKBIA,NFKBIB,PIK3C3,PIK3R4
R-HSA-9932444	ATP-dependent chromatin remodelers	13	BCL7B,CHERP,DDX42,HDAC2,IKZF1,MTA1,NFE2L2,PAF1,PUF60,SMARCA4,SMARCC1,SMARCD2,SMNDC1
R-HSA-9937383	Mitochondrial ribosome-associated quality control	5	MRPL12,MRPL19,MRPS16,MRPS2,OXA1L
R-HSA-9937848	CHD chromatin remodelers	9	CHERP,DDX42,HDAC2,IKZF1,MTA1,NFE2L2,PAF1,PUF60,SMNDC1
R-HSA-9943411	CHD1 and CHD2 subfamily	5	CHERP,DDX42,PAF1,PUF60,SMNDC1
R-HSA-9945266	Differentiation of T cells	14	ETS1,FOS,GATA3,HDAC2,HDAC6,IL4R,JUN,MAMLD1,MTA1,NOTCH1,SATB1,SMARCA4,STAT1,STAT5B
R-HSA-9948299	Ribosome-associated quality control	5	ASCC3,PSMD2,RPL39L,RPS5,RPS6
R-HSA-9958810	SRC activates STAT3 in a quantitative manner, through Cadherin-11 (CDH11), RAC1 and gp130 (IL6ST)	5	CDC42,CTNND1,CTSL,SRC,TIAM1
R-HSA-9958825	Activation of STAT3 by cadherin engagement	8	BIRC2,CDC42,CTNND1,CTSL,PSMD2,SRC,STAT3,TIAM1
R-HSA-9975921	Assembly of the 9+0 primary cilium	11	CCP110,CDK1,CEP57,CSNK1E,HDAC6,PAFAH1B1,PCM1,PLK1,PRKACA,TCTN1,TUBB6
R-HSA-9976102	Differentiation of naive CD4+ T cells to T helper 2 cells (Th2 cells)	13	ETS1,FOS,GATA3,HDAC2,HDAC6,IL4R,JUN,MAMLD1,MTA1,NOTCH1,SATB1,SMARCA4,STAT5B
